Time Stamp,ID,Extended,Dir,Bus,LEN,D1,D2,D3,D4,D5,D6,D7,D8
1078881,00000741,false,Rx,0,6,00,00,00,00,00,00,00,00,
1079751,00000201,false,Rx,0,8,00,FE,FE,00,00,00,65,00,
1079753,00000101,false,Rx,0,8,00,00,00,00,00,00,03,00,
1082533,000000FA,false,Rx,0,8,00,00,1E,10,22,1E,1E,00,
1083588,000001BA,false,Rx,0,6,10,1E,C0,45,61,32,00,00,
1092520,000000FA,false,Rx,0,8,00,00,1E,10,22,1E,1E,00,
1095612,00000766,false,Rx,0,8,18,04,00,00,00,03,00,00,
1098811,00000201,false,Rx,0,8,00,FE,FE,00,00,00,66,00,
1102589,000000FA,false,Rx,0,8,00,00,1E,10,22,1E,1E,00,
1103612,000001BA,false,Rx,0,6,10,1E,C0,45,61,32,00,00,
1112595,000000FA,false,Rx,0,8,00,00,1E,10,22,1E,1E,00,
1113582,00000102,false,Rx,0,3,00,00,00,00,00,00,00,00,
1115492,00000386,false,Rx,0,6,02,DC,A1,86,A6,00,00,00,
1118818,00000201,false,Rx,0,8,00,FE,FE,00,00,00,67,00,
1119832,00000101,false,Rx,0,8,00,00,00,00,00,00,03,00,
1122563,000000FA,false,Rx,0,8,00,00,1E,10,22,1E,1E,00,
1123586,000001BA,false,Rx,0,6,10,1E,C0,45,61,32,00,00,
1129842,00000711,false,Rx,0,8,04,03,F1,FB,06,70,00,46,
1132592,000000FA,false,Rx,0,8,00,00,1E,10,22,1E,1E,00,
1138785,00000201,false,Rx,0,8,00,FE,FE,00,00,00,68,00,
1142571,000000FA,false,Rx,0,8,00,00,1E,10,22,1E,1E,00,
1143694,000001BA,false,Rx,0,6,10,1E,C0,45,61,32,00,00,
1152588,000000FA,false,Rx,0,8,00,00,1E,10,22,1E,1E,00,
1153804,00000102,false,Rx,0,3,00,00,00,00,00,00,00,00,
1158879,00000201,false,Rx,0,8,00,FE,FE,00,00,00,69,00,
1159835,00000101,false,Rx,0,8,00,00,00,00,00,00,03,00,
1162570,000000FA,false,Rx,0,8,00,00,1E,10,22,1E,1E,00,
1163585,000001BA,false,Rx,0,6,10,1E,C0,45,61,32,00,00,
1168131,0000077A,false,Rx,0,8,76,0B,5D,20,1C,00,00,FF,
1169678,0000049A,false,Rx,0,7,00,BC,2E,0A,12,69,67,00,
1172525,000000FA,false,Rx,0,8,00,00,1E,10,22,1E,1E,00,
1178835,00000741,false,Rx,0,6,00,00,00,00,00,00,00,00,
1179746,00000201,false,Rx,0,8,00,FE,FE,00,00,00,6A,00,
1182527,000000FA,false,Rx,0,8,00,00,1E,10,22,1E,1E,00,
1183508,000001BA,false,Rx,0,6,10,1E,C0,45,61,32,00,00,
1192541,000000FA,false,Rx,0,8,00,00,1E,10,22,1E,1E,00,
1194677,00000102,false,Rx,0,3,00,00,00,00,00,00,00,00,
1195688,00000766,false,Rx,0,8,18,04,00,00,00,03,00,00,
1198846,00000201,false,Rx,0,8,00,FE,FE,00,00,00,6B,00,
1199846,00000101,false,Rx,0,8,00,00,00,00,00,00,03,00,
1202697,000000FA,false,Rx,0,8,00,00,1E,10,22,1E,1E,00,
1203749,000001BA,false,Rx,0,6,10,1E,C0,45,61,32,00,00,
1212494,000000FA,false,Rx,0,8,00,00,1E,10,22,1E,1E,00,
1215504,00000386,false,Rx,0,6,02,DC,A1,86,A6,00,00,00,
1218789,00000201,false,Rx,0,8,00,FE,FE,00,00,00,6C,00,
1222530,000000FA,false,Rx,0,8,00,00,1E,10,22,1E,1E,00,
1223530,000001BA,false,Rx,0,6,10,1E,C0,45,61,32,00,00,
1232518,000000FA,false,Rx,0,8,00,00,1E,10,22,1E,1E,00,
1236057,00000102,false,Rx,0,3,00,00,00,00,00,00,00,00,
1237623,00000711,false,Rx,0,8,04,03,F1,FB,06,70,00,46,
1238774,00000201,false,Rx,0,8,00,FE,FE,00,00,00,6D,00,
1239790,00000101,false,Rx,0,8,00,00,00,00,00,00,03,00,
1242516,000000FA,false,Rx,0,8,00,00,1E,10,22,1E,1E,00,
1243514,000001BA,false,Rx,0,6,10,1E,C0,45,61,32,00,00,
1252465,000000FA,false,Rx,0,8,00,00,1E,10,22,1E,1E,00,
1258772,00000201,false,Rx,0,8,00,FE,FE,00,00,00,6E,00,
1262509,000000FA,false,Rx,0,8,00,00,1E,10,22,1E,1E,00,
1263512,000001BA,false,Rx,0,6,10,1E,C0,45,61,32,00,00,
1268093,0000077A,false,Rx,0,8,76,0B,5D,20,1C,00,00,FF,
1269616,0000049A,false,Rx,0,7,00,BC,2E,0A,12,69,67,00,
1272501,000000FA,false,Rx,0,8,00,00,1E,10,22,1E,1E,00,
1277170,00000102,false,Rx,0,3,00,00,00,00,00,00,00,00,
1278719,00000741,false,Rx,0,6,00,00,00,00,00,00,00,00,
1279738,00000201,false,Rx,0,8,00,FE,FE,00,00,00,6F,00,
1279740,00000101,false,Rx,0,8,00,00,00,00,00,00,03,00,
1282453,000000FA,false,Rx,0,8,00,00,1E,10,22,1E,1E,00,
1283450,000001BA,false,Rx,0,6,10,1E,C0,45,61,32,00,00,
1292451,000000FA,false,Rx,0,8,00,00,1E,10,22,1E,1E,00,
1295585,00000766,false,Rx,0,8,18,04,00,00,00,03,00,00,
1298775,00000201,false,Rx,0,8,00,FE,FE,00,00,00,70,00,
1302453,000000FA,false,Rx,0,8,00,00,1E,10,22,1E,1E,00,
1303460,000001BA,false,Rx,0,6,10,1E,C0,45,61,32,00,00,
1312449,000000FA,false,Rx,0,8,00,00,1E,10,22,1E,1E,00,
1315463,00000386,false,Rx,0,6,02,DC,A1,86,A6,00,00,00,
1318796,00000201,false,Rx,0,8,00,FE,FE,00,00,00,71,00,
1319819,00000101,false,Rx,0,8,00,00,00,00,00,00,03,00,
1320820,00000102,false,Rx,0,3,00,00,00,00,00,00,00,00,
1322452,000000FA,false,Rx,0,8,00,00,1E,10,22,1E,1E,00,
1323476,000001BA,false,Rx,0,6,10,1E,C0,45,61,32,00,00,
1332436,000000FA,false,Rx,0,8,00,00,1E,10,22,1E,1E,00,
1338755,00000201,false,Rx,0,8,00,FE,FE,00,00,00,72,00,
1342366,00000711,false,Rx,0,8,04,03,F1,FB,06,70,00,46,
1343363,000000FA,false,Rx,0,8,00,00,1E,10,22,1E,1E,00,
1343364,000001BA,false,Rx,0,6,10,1E,C0,45,61,32,00,00,
1352443,000000FA,false,Rx,0,8,00,00,1E,10,22,1E,1E,00,
1358821,00000201,false,Rx,0,8,00,FE,FE,00,00,00,73,00,
1359818,00000101,false,Rx,0,8,00,00,00,00,00,00,03,00,
1359819,00000102,false,Rx,0,3,00,00,00,00,00,00,00,00,
1362486,000000FA,false,Rx,0,8,00,00,1E,10,22,1E,1E,00,
1363469,000001BA,false,Rx,0,6,10,1E,C0,45,61,32,00,00,
1368049,0000077A,false,Rx,0,8,76,0B,5D,20,1C,00,00,FF,
1369560,0000049A,false,Rx,0,7,00,BC,2E,0A,12,69,67,00,
1372441,000000FA,false,Rx,0,8,00,00,1E,10,22,1E,1E,00,
1378698,00000741,false,Rx,0,6,00,00,00,00,00,00,00,00,
1379715,00000201,false,Rx,0,8,00,FE,FE,00,00,00,74,00,
1382429,000000FA,false,Rx,0,8,00,00,1E,10,22,1E,1E,00,
1383445,000001BA,false,Rx,0,6,10,1E,C0,45,61,32,00,00,
1392452,000000FA,false,Rx,0,8,00,00,1E,10,22,1E,1E,00,
1395600,00000766,false,Rx,0,8,18,04,00,00,00,03,00,00,
1398775,00000201,false,Rx,0,8,00,FE,FE,00,00,00,75,00,
1399795,00000101,false,Rx,0,8,00,00,00,00,00,00,03,00,
1399796,00000102,false,Rx,0,3,00,00,00,00,00,00,00,00,
1402408,000000FA,false,Rx,0,8,00,00,1E,10,22,1E,1E,00,
1403433,000001BA,false,Rx,0,6,10,1E,C0,45,61,32,00,00,
1412424,000000FA,false,Rx,0,8,00,00,1E,10,22,1E,1E,00,
1415447,00000386,false,Rx,0,6,02,DC,A1,86,A6,00,00,00,
1418740,00000201,false,Rx,0,8,00,FE,FE,00,00,00,76,00,
1422405,000000FA,false,Rx,0,8,00,00,1E,10,22,1E,1E,00,
1423418,000001BA,false,Rx,0,6,10,1E,C0,45,61,32,00,00,
1432419,000000FA,false,Rx,0,8,00,00,1E,10,22,1E,1E,00,
1438775,00000201,false,Rx,0,8,00,FE,FE,00,00,00,77,00,
1439799,00000101,false,Rx,0,8,00,00,00,00,00,00,03,00,
1440797,00000102,false,Rx,0,3,00,00,00,00,00,00,00,00,
1442414,000000FA,false,Rx,0,8,00,00,1E,10,22,1E,1E,00,
1443430,000001BA,false,Rx,0,6,10,1E,C0,45,61,32,00,00,
1448904,00000711,false,Rx,0,8,04,03,F1,FB,06,70,00,46,
1452381,000000FA,false,Rx,0,8,00,00,1E,10,22,1E,1E,00,
1458737,00000201,false,Rx,0,8,00,FE,FE,00,00,00,78,00,
1462401,000000FA,false,Rx,0,8,00,00,1E,10,22,1E,1E,00,
1463420,000001BA,false,Rx,0,6,10,1E,C0,45,61,32,00,00,
1467988,0000077A,false,Rx,0,8,76,0B,5D,20,1C,00,00,FF,
1469474,0000049A,false,Rx,0,7,00,BC,2E,0A,12,69,67,00,
1471871,000007DF,false,Rx,0,8,02,01,0D,AA,AA,AA,AA,AA,
1472895,000000FA,false,Rx,0,8,00,00,1E,10,22,1E,1E,00,
1473899,000007E8,false,Rx,0,8,03,41,0D,00,00,00,00,00,
1478777,00000741,false,Rx,0,6,00,00,00,00,00,00,00,00,
1479703,00000201,false,Rx,0,8,00,FE,FE,00,00,00,79,00,
1479704,00000101,false,Rx,0,8,00,00,00,00,00,00,03,00,
1481397,00000102,false,Rx,0,3,00,00,00,00,00,00,00,00,
1482402,000000FA,false,Rx,0,8,00,00,1E,10,22,1E,1E,00,
1483423,000001BA,false,Rx,0,6,10,1E,C0,45,61,32,00,00,
1492354,000000FA,false,Rx,0,8,00,00,1E,10,22,1E,1E,00,
1495570,00000766,false,Rx,0,8,18,04,00,00,00,03,00,00,
1498743,00000201,false,Rx,0,8,00,FE,FE,00,00,00,7A,00,
1500963,000007DF,false,Rx,0,8,02,01,0C,AA,AA,AA,AA,AA,
1502396,000000FA,false,Rx,0,8,00,00,1E,10,22,1E,1E,00,
1503404,000007E8,false,Rx,0,8,04,41,0C,00,00,00,00,00,
1503405,000001BA,false,Rx,0,6,10,1E,C0,45,61,32,00,00,
1512401,000000FA,false,Rx,0,8,00,00,1E,10,22,1E,1E,00,
1515447,00000386,false,Rx,0,6,02,DC,A1,86,A6,00,00,00,
1518775,00000201,false,Rx,0,8,00,FE,FE,00,00,00,7B,00,
1519799,00000101,false,Rx,0,8,00,00,00,00,00,00,03,00,
1522380,000000FA,false,Rx,0,8,00,00,1E,10,22,1E,1E,00,
1523397,00000102,false,Rx,0,3,00,00,00,00,00,00,00,00,
1523399,000001BA,false,Rx,0,6,10,1E,C0,45,61,32,00,00,
1529673,000007DF,false,Rx,0,8,02,01,01,AA,AA,AA,AA,AA,
1532313,000000FA,false,Rx,0,8,00,00,1E,10,22,1E,1E,00,
1533332,000007E8,false,Rx,0,8,06,41,01,00,06,80,00,00,
1538777,00000201,false,Rx,0,8,00,FE,FE,00,00,00,7C,00,
1542388,000000FA,false,Rx,0,8,00,00,1E,10,22,1E,1E,00,
1543404,000001BA,false,Rx,0,6,10,1E,C0,45,61,32,00,00,
1552344,000000FA,false,Rx,0,8,00,00,1E,10,22,1E,1E,00,
1558120,00000711,false,Rx,0,8,04,03,F1,FB,06,70,00,46,
1559117,00000201,false,Rx,0,8,00,FE,FE,00,00,00,7D,00,
1560138,00000101,false,Rx,0,8,00,00,00,00,00,00,03,00,
1562362,000000FA,false,Rx,0,8,00,00,1E,10,22,1E,1E,00,
1563352,000001BA,false,Rx,0,6,10,1E,C0,45,61,32,00,00,
1564391,00000102,false,Rx,0,3,00,00,00,00,00,00,00,00,
1567904,0000077A,false,Rx,0,8,76,0B,5D,20,1C,00,00,FF,
1569448,0000049A,false,Rx,0,7,00,BC,2E,0A,12,69,67,00,
1572382,000000FA,false,Rx,0,8,00,00,1E,10,22,1E,1E,00,
1578676,00000741,false,Rx,0,6,00,00,00,00,00,00,00,00,
1579688,00000201,false,Rx,0,8,00,FE,FE,00,00,00,7E,00,
1582315,000000FA,false,Rx,0,8,00,00,1E,10,22,1E,1E,00,
1583317,000001BA,false,Rx,0,6,10,1E,C0,45,61,32,00,00,
1592342,000000FA,false,Rx,0,8,00,00,1E,10,22,1E,1E,00,
1595546,00000766,false,Rx,0,8,18,04,00,00,00,03,00,00,
1596593,0000069F,false,Rx,0,4,89,55,10,0F,00,00,00,00,
1598742,00000201,false,Rx,0,8,00,FE,FE,00,00,00,7F,00,
1599766,00000101,false,Rx,0,8,00,00,00,00,00,00,03,00,
1602320,000000FA,false,Rx,0,8,00,00,1E,10,22,1E,1E,00,
1603320,000001BA,false,Rx,0,6,10,1E,C0,45,61,32,00,00,
1605020,00000102,false,Rx,0,3,00,00,00,00,00,00,00,00,
1612278,000000FA,false,Rx,0,8,00,00,1E,10,22,1E,1E,00,
1615432,00000386,false,Rx,0,6,02,DC,A1,86,A6,00,00,00,
1618763,00000201,false,Rx,0,8,00,FE,FE,00,00,00,80,00,
1622300,000000FA,false,Rx,0,8,00,00,1E,10,22,1E,1E,00,
1623320,000001BA,false,Rx,0,6,10,1E,C0,45,61,32,00,00,
1632312,000000FA,false,Rx,0,8,00,00,1E,10,22,1E,1E,00,
1638756,00000201,false,Rx,0,8,00,FE,FE,00,00,00,81,00,
1639749,00000101,false,Rx,0,8,00,00,00,00,00,00,03,00,
1642272,000000FA,false,Rx,0,8,00,00,1E,10,22,1E,1E,00,
1643293,000001BA,false,Rx,0,6,10,1E,C0,45,61,32,00,00,
1645876,00000102,false,Rx,0,3,00,00,00,00,00,00,00,00,
1652254,000000FA,false,Rx,0,8,00,00,1E,10,22,1E,1E,00,
1658788,00000201,false,Rx,0,8,00,FE,FE,00,00,00,82,00,
1662296,000000FA,false,Rx,0,8,00,00,1E,10,22,1E,1E,00,
1663356,00000711,false,Rx,0,8,04,03,F1,FB,06,70,00,46,
1663357,000001BA,false,Rx,0,6,10,1E,C0,45,61,32,00,00,
1667914,0000077A,false,Rx,0,8,76,0B,5D,20,1C,00,00,FF,
1669482,0000049A,false,Rx,0,7,00,BC,2E,0A,12,69,67,00,
1672360,000000FA,false,Rx,0,8,00,00,1E,10,22,1E,1E,00,
1678680,00000741,false,Rx,0,6,00,00,00,00,00,00,00,00,
1679667,00000201,false,Rx,0,8,00,FE,FE,00,00,00,83,00,
1679667,00000101,false,Rx,0,8,00,00,00,00,00,00,03,00,
1682301,000000FA,false,Rx,0,8,00,00,1E,10,22,1E,1E,00,
1683272,000001BA,false,Rx,0,6,10,1E,C0,45,61,32,00,00,
1688478,00000102,false,Rx,0,3,00,00,00,00,00,00,00,00,
1692230,000000FA,false,Rx,0,8,00,00,1E,10,22,1E,1E,00,
1695504,00000766,false,Rx,0,8,18,04,00,00,00,03,00,00,
1698762,00000201,false,Rx,0,8,00,FE,FE,00,00,00,84,00,
1702337,000000FA,false,Rx,0,8,00,00,1E,10,22,1E,1E,00,
1703436,000001BA,false,Rx,0,6,10,1E,C0,45,61,32,00,00,
1712416,000000FA,false,Rx,0,8,00,00,1E,10,22,1E,1E,00,
1715472,00000386,false,Rx,0,6,02,DC,A1,86,A6,00,00,00,
1718874,00000201,false,Rx,0,8,00,FE,FE,00,00,00,85,00,
1719751,00000101,false,Rx,0,8,00,00,00,00,00,00,03,00,
1722521,000000FA,false,Rx,0,8,00,00,1E,10,22,1E,1E,00,
1723509,000001BA,false,Rx,0,6,10,1E,C0,45,61,32,00,00,
1729233,00000102,false,Rx,0,3,00,00,00,00,00,00,00,00,
1732333,000000FA,false,Rx,0,8,00,00,1E,10,22,1E,1E,00,
1738729,00000201,false,Rx,0,8,00,FE,FE,00,00,00,86,00,
1742295,000000FA,false,Rx,0,8,00,00,1E,10,22,1E,1E,00,
1743316,000001BA,false,Rx,0,6,10,1E,C0,45,61,32,00,00,
1752269,000000FA,false,Rx,0,8,00,00,1E,10,22,1E,1E,00,
1758742,00000201,false,Rx,0,8,00,FE,FE,00,00,00,87,00,
1759753,00000101,false,Rx,0,8,00,00,00,00,00,00,03,00,
1762242,000000FA,false,Rx,0,8,00,00,1E,10,22,1E,1E,00,
1763253,000001BA,false,Rx,0,6,10,1E,C0,45,61,32,00,00,
1767781,0000077A,false,Rx,0,8,76,0B,5D,20,1C,00,00,FF,
1768801,00000102,false,Rx,0,3,00,00,00,00,00,00,00,00,
1769821,0000049A,false,Rx,0,7,00,BC,2E,0A,12,69,67,00,
1770820,00000711,false,Rx,0,8,04,03,F1,FB,06,70,00,46,
1772245,000000FA,false,Rx,0,8,00,00,1E,10,22,1E,1E,00,
1778650,00000741,false,Rx,0,6,00,00,00,00,00,00,00,00,
1779651,00000201,false,Rx,0,8,00,FE,FE,00,00,00,88,00,
1782215,000000FA,false,Rx,0,8,00,00,1E,10,22,1E,1E,00,
1783238,000001BA,false,Rx,0,6,10,1E,C0,45,61,32,00,00,
1792213,000000FA,false,Rx,0,8,00,00,1E,10,22,1E,1E,00,
1795550,00000766,false,Rx,0,8,18,04,00,00,00,03,00,00,
1798739,00000201,false,Rx,0,8,00,FE,FE,00,00,00,89,00,
1799766,00000101,false,Rx,0,8,00,00,00,00,00,00,03,00,
1802170,000000FA,false,Rx,0,8,00,00,1E,10,22,1E,1E,00,
1803188,000001BA,false,Rx,0,6,10,1E,C0,45,61,32,00,00,
1809119,00000102,false,Rx,0,3,00,00,00,00,00,00,00,00,
1812175,000000FA,false,Rx,0,8,00,00,1E,10,22,1E,1E,00,
1815422,00000386,false,Rx,0,6,02,DC,A1,86,A6,00,00,00,
1818704,00000201,false,Rx,0,8,00,FE,FE,00,00,00,8A,00,
1822196,000000FA,false,Rx,0,8,00,00,1E,10,22,1E,1E,00,
1823211,000001BA,false,Rx,0,6,10,1E,C0,45,61,32,00,00,
1832196,000000FA,false,Rx,0,8,00,00,1E,10,22,1E,1E,00,
1838742,00000201,false,Rx,0,8,00,FE,FE,00,00,00,8B,00,
1839753,00000101,false,Rx,0,8,00,00,00,00,00,00,03,00,
1842174,000000FA,false,Rx,0,8,00,00,1E,10,22,1E,1E,00,
1843176,000001BA,false,Rx,0,6,10,1E,C0,45,61,32,00,00,
1850121,00000102,false,Rx,0,3,00,00,00,00,00,00,00,00,
1852174,000000FA,false,Rx,0,8,00,00,1E,10,22,1E,1E,00,
1858715,00000201,false,Rx,0,8,00,FE,FE,00,00,00,8C,00,
1862205,000000FA,false,Rx,0,8,00,00,1E,10,22,1E,1E,00,
1863209,000001BA,false,Rx,0,6,10,1E,C0,45,61,32,00,00,
1867770,0000077A,false,Rx,0,8,76,0B,5D,20,1C,00,00,FF,
1869303,0000049A,false,Rx,0,7,00,BC,2E,0A,12,69,67,00,
1872198,000000FA,false,Rx,0,8,00,00,1E,10,22,1E,1E,00,
1875029,00000711,false,Rx,0,8,04,03,F1,FB,06,70,00,46,
1878680,00000741,false,Rx,0,6,00,00,00,00,00,00,00,00,
1879674,00000201,false,Rx,0,8,00,FE,FE,00,00,00,8D,00,
1879675,00000101,false,Rx,0,8,00,00,00,00,00,00,03,00,
1882183,000000FA,false,Rx,0,8,00,00,1E,10,22,1E,1E,00,
1883162,000001BA,false,Rx,0,6,10,1E,C0,45,61,32,00,00,
1891080,00000102,false,Rx,0,3,00,00,00,00,00,00,00,00,
1892140,000000FA,false,Rx,0,8,00,00,1E,10,22,1E,1E,00,
1895554,00000766,false,Rx,0,8,18,04,00,00,00,03,00,00,
1898713,00000201,false,Rx,0,8,00,FE,FE,00,00,00,8E,00,
1902165,000000FA,false,Rx,0,8,00,00,1E,10,22,1E,1E,00,
1903155,000001BA,false,Rx,0,6,10,1E,C0,45,61,32,00,00,
1912181,000000FA,false,Rx,0,8,00,00,1E,10,22,1E,1E,00,
1915402,00000386,false,Rx,0,6,02,DC,A1,86,A6,00,00,00,
1918739,00000201,false,Rx,0,8,00,FE,FE,00,00,00,8F,00,
1919740,00000101,false,Rx,0,8,00,00,00,00,00,00,03,00,
1922126,000000FA,false,Rx,0,8,00,00,1E,10,22,1E,1E,00,
1923145,000001BA,false,Rx,0,6,10,1E,C0,45,61,32,00,00,
1932098,000000FA,false,Rx,0,8,00,00,1E,10,22,1E,1E,00,
1933111,00000102,false,Rx,0,3,00,00,00,00,00,00,00,00,
1938742,00000201,false,Rx,0,8,00,FE,FE,00,00,00,90,00,
1942124,000000FA,false,Rx,0,8,00,00,1E,10,22,1E,1E,00,
1943148,000001BA,false,Rx,0,6,10,1E,C0,45,61,32,00,00,
1952278,000000FA,false,Rx,0,8,00,00,1E,10,22,1E,1E,00,
1958774,00000201,false,Rx,0,8,00,FE,FE,00,00,00,91,00,
1959795,00000101,false,Rx,0,8,00,00,00,00,00,00,03,00,
1962263,000000FA,false,Rx,0,8,00,00,1E,10,22,1E,1E,00,
1963432,000001BA,false,Rx,0,6,10,1E,C0,45,61,32,00,00,
1967684,0000077A,false,Rx,0,8,76,0B,5D,20,1C,00,00,FF,
1969290,0000049A,false,Rx,0,7,00,BC,2E,0A,12,69,67,00,
1972108,000000FA,false,Rx,0,8,00,00,1E,10,22,1E,1E,00,
1973172,00000102,false,Rx,0,3,00,00,00,00,00,00,00,00,
1978663,00000741,false,Rx,0,6,00,00,00,00,00,00,00,00,
1979670,00000201,false,Rx,0,8,00,FE,FE,00,00,00,92,00,
1982122,000000FA,false,Rx,0,8,00,00,1E,10,22,1E,1E,00,
1983374,00000711,false,Rx,0,8,04,03,F1,FB,06,70,00,46,
1983377,000001BA,false,Rx,0,6,10,1E,C0,45,61,32,00,00,
1992155,000000FA,false,Rx,0,8,00,00,1E,10,22,1E,1E,00,
1995524,00000766,false,Rx,0,8,18,04,00,00,00,03,00,00,
1998735,00000201,false,Rx,0,8,00,FE,FE,00,00,00,93,00,
1999753,00000101,false,Rx,0,8,00,00,00,00,00,00,03,00,
2002097,000000FA,false,Rx,0,8,00,00,1E,10,22,1E,1E,00,
2003120,000001BA,false,Rx,0,6,10,1E,C0,45,61,32,00,00,
2012062,000000FA,false,Rx,0,8,00,00,1E,10,22,1E,1E,00,
2013984,00000102,false,Rx,0,3,00,00,00,00,00,00,00,00,
2015446,00000386,false,Rx,0,6,02,DC,A1,86,A6,00,00,00,
2018697,00000201,false,Rx,0,8,00,FE,FE,00,00,00,94,00,
2022119,000000FA,false,Rx,0,8,00,00,1E,10,22,1E,1E,00,
2023125,000001BA,false,Rx,0,6,10,1E,C0,45,61,32,00,00,
2032067,000000FA,false,Rx,0,8,00,00,1E,10,22,1E,1E,00,
2038693,00000201,false,Rx,0,8,00,FE,FE,00,00,00,95,00,
2039712,00000101,false,Rx,0,8,00,00,00,00,00,00,03,00,
2042064,000000FA,false,Rx,0,8,00,00,1E,10,22,1E,1E,00,
2043054,000001BA,false,Rx,0,6,10,1E,C0,45,61,32,00,00,
2052031,000000FA,false,Rx,0,8,00,00,1E,10,22,1E,1E,00,
2058692,00000201,false,Rx,0,8,00,FE,FE,00,00,00,96,00,
2062142,000000FA,false,Rx,0,8,00,00,1E,10,22,1E,1E,00,
2063154,000001BA,false,Rx,0,6,10,1E,C0,45,61,32,00,00,
2064158,00000102,false,Rx,0,3,00,00,00,00,00,00,00,00,
2067733,0000077A,false,Rx,0,8,76,0B,5D,20,1C,00,00,FF,
2069280,0000049A,false,Rx,0,7,00,BC,2E,0A,12,69,67,00,
2072100,000000FA,false,Rx,0,8,00,00,1E,10,22,1E,1E,00,
2078674,00000741,false,Rx,0,6,00,00,00,00,00,00,00,00,
2079671,00000201,false,Rx,0,8,00,FE,FE,00,00,00,97,00,
2079673,00000101,false,Rx,0,8,00,00,00,00,00,00,03,00,
2082023,000000FA,false,Rx,0,8,00,00,1E,10,22,1E,1E,00,
2083045,000001BA,false,Rx,0,6,10,1E,C0,45,61,32,00,00,
2087899,00000711,false,Rx,0,8,04,03,F1,FB,06,70,00,46,
2092010,000000FA,false,Rx,0,8,00,00,1E,10,22,1E,1E,00,
2095504,00000766,false,Rx,0,8,18,04,00,00,00,03,00,00,
2098669,00000201,false,Rx,0,8,00,FE,FE,00,00,00,98,00,
2102015,000000FA,false,Rx,0,8,00,00,1E,10,22,1E,1E,00,
2103007,000001BA,false,Rx,0,6,10,1E,C0,45,61,32,00,00,
2104182,00000102,false,Rx,0,3,00,00,00,00,00,00,00,00,
2112048,000000FA,false,Rx,0,8,00,00,1E,10,22,1E,1E,00,
2115391,00000386,false,Rx,0,6,02,DC,A1,86,A6,00,00,00,
2118697,00000201,false,Rx,0,8,00,FE,FE,00,00,00,99,00,
2119717,00000101,false,Rx,0,8,00,00,00,00,00,00,03,00,
2122028,000000FA,false,Rx,0,8,00,00,1E,10,22,1E,1E,00,
2123049,000001BA,false,Rx,0,6,10,1E,C0,45,61,32,00,00,
2132001,000000FA,false,Rx,0,8,00,00,1E,10,22,1E,1E,00,
2138676,00000201,false,Rx,0,8,00,FE,FE,00,00,00,9A,00,
2142055,000000FA,false,Rx,0,8,00,00,1E,10,22,1E,1E,00,
2143064,000001BA,false,Rx,0,6,10,1E,C0,45,61,32,00,00,
2147528,00000102,false,Rx,0,3,00,00,00,00,00,00,00,00,
2152035,000000FA,false,Rx,0,8,00,00,1E,10,22,1E,1E,00,
2158720,00000201,false,Rx,0,8,00,FE,FE,00,00,00,9B,00,
2159739,00000101,false,Rx,0,8,00,00,00,00,00,00,03,00,
2162034,000000FA,false,Rx,0,8,00,00,1E,10,22,1E,1E,00,
2163046,000001BA,false,Rx,0,6,10,1E,C0,45,61,32,00,00,
2167571,0000077A,false,Rx,0,8,76,0B,5D,20,1C,00,00,FF,
2169107,0000049A,false,Rx,0,7,00,BC,2E,0A,12,69,67,00,
2171995,000000FA,false,Rx,0,8,00,00,1E,10,22,1E,1E,00,
2178663,00000741,false,Rx,0,6,00,00,00,00,00,00,00,00,
2179662,00000201,false,Rx,0,8,00,FE,FE,00,00,00,9C,00,
2182163,000000FA,false,Rx,0,8,00,00,1E,10,22,1E,1E,00,
2183162,000001BA,false,Rx,0,6,10,1E,C0,45,61,32,00,00,
2186323,00000102,false,Rx,0,3,00,00,00,00,00,00,00,00,
2192151,000000FA,false,Rx,0,8,00,00,1E,10,22,1E,1E,00,
2194865,00000711,false,Rx,0,8,04,03,F1,FB,06,70,00,46,
2195980,00000766,false,Rx,0,8,18,04,00,00,00,03,00,00,
2198832,00000201,false,Rx,0,8,00,FE,FE,00,00,00,9D,00,
2199792,00000101,false,Rx,0,8,00,00,00,00,00,00,03,00,
2201971,000000FA,false,Rx,0,8,00,00,1E,10,22,1E,1E,00,
2202995,000001BA,false,Rx,0,6,10,1E,C0,45,61,32,00,00,
2212138,000000FA,false,Rx,0,8,00,00,1E,10,22,1E,1E,00,
2215471,00000386,false,Rx,0,6,02,DC,A1,86,A6,00,00,00,
2218763,00000201,false,Rx,0,8,00,FE,FE,00,00,00,9E,00,
2222023,000000FA,false,Rx,0,8,00,00,1E,10,22,1E,1E,00,
2222995,000001BA,false,Rx,0,6,10,1E,C0,45,61,32,00,00,
2227800,00000102,false,Rx,0,3,00,00,00,00,00,00,00,00,
2232239,000000FA,false,Rx,0,8,00,00,1E,10,22,1E,1E,00,
2238936,00000201,false,Rx,0,8,00,FE,FE,00,00,00,9F,00,
2239749,00000101,false,Rx,0,8,00,00,00,00,00,00,03,00,
2241963,000000FA,false,Rx,0,8,00,00,1E,10,22,1E,1E,00,
2242998,000001BA,false,Rx,0,6,10,1E,C0,45,61,32,00,00,
2251927,000000FA,false,Rx,0,8,00,00,1E,10,22,1E,1E,00,
2258693,00000201,false,Rx,0,8,00,FE,FE,00,00,00,A0,00,
2261973,000000FA,false,Rx,0,8,00,00,1E,10,22,1E,1E,00,
2262997,000001BA,false,Rx,0,6,10,1E,C0,45,61,32,00,00,
2267509,0000077A,false,Rx,0,8,76,0B,5D,20,1C,00,00,FF,
2269047,0000049A,false,Rx,0,7,00,BC,2E,0A,12,69,67,00,
2270069,00000102,false,Rx,0,3,00,00,00,00,00,00,00,00,
2271071,000007D1,false,Rx,0,7,03,F1,FB,00,00,00,FF,00,
2272194,000000FA,false,Rx,0,8,00,00,1E,10,22,1E,1E,00,
2278676,00000741,false,Rx,0,6,00,00,00,00,00,00,00,00,
2279674,00000201,false,Rx,0,8,00,FE,FE,00,00,00,A1,00,
2279676,00000101,false,Rx,0,8,00,00,00,00,00,00,03,00,
2281921,000000FA,false,Rx,0,8,00,00,1E,10,22,1E,1E,00,
2282946,000001BA,false,Rx,0,6,10,1E,C0,45,61,32,00,00,
2291901,000000FA,false,Rx,0,8,00,00,1E,10,22,1E,1E,00,
2295438,00000766,false,Rx,0,8,18,04,00,00,00,03,00,00,
2298676,00000201,false,Rx,0,8,00,FE,FE,00,00,00,A2,00,
2301197,00000711,false,Rx,0,8,04,03,F1,FB,06,70,00,46,
2302195,000000FA,false,Rx,0,8,00,00,1E,10,22,1E,1E,00,
2303190,000001BA,false,Rx,0,6,10,1E,C0,45,61,32,00,00,
2308820,00000102,false,Rx,0,3,00,00,00,00,00,00,00,00,
2311989,000000FA,false,Rx,0,8,00,00,1E,10,22,1E,1E,00,
2315388,00000386,false,Rx,0,6,02,DC,A1,86,A6,00,00,00,
2318685,00000201,false,Rx,0,8,00,FE,FE,00,00,00,A3,00,
2319691,00000101,false,Rx,0,8,00,00,00,00,00,00,03,00,
2321920,000000FA,false,Rx,0,8,00,00,1E,10,22,1E,1E,00,
2322943,000001BA,false,Rx,0,6,10,1E,C0,45,61,32,00,00,
2331918,000000FA,false,Rx,0,8,00,00,1E,10,22,1E,1E,00,
2338656,00000201,false,Rx,0,8,00,FE,FE,00,00,00,A4,00,
2341945,000000FA,false,Rx,0,8,00,00,1E,10,22,1E,1E,00,
2342943,000001BA,false,Rx,0,6,10,1E,C0,45,61,32,00,00,
2349797,00000102,false,Rx,0,3,00,00,00,00,00,00,00,00,
2351904,000000FA,false,Rx,0,8,00,00,1E,10,22,1E,1E,00,
2358677,00000201,false,Rx,0,8,00,FE,FE,00,00,00,A5,00,
2359696,00000101,false,Rx,0,8,00,00,00,00,00,00,03,00,
2361898,000000FA,false,Rx,0,8,00,00,1E,10,22,1E,1E,00,
2362922,000001BA,false,Rx,0,6,10,1E,C0,45,61,32,00,00,
2367442,0000077A,false,Rx,0,8,76,0B,5D,20,1C,00,00,FF,
2368990,0000049A,false,Rx,0,7,00,BC,2E,0A,12,69,67,00,
2371877,000000FA,false,Rx,0,8,00,00,1E,10,22,1E,1E,00,
2378641,00000741,false,Rx,0,6,00,00,00,00,00,00,00,00,
2379643,00000201,false,Rx,0,8,00,FE,FE,00,00,00,A6,00,
2381876,000000FA,false,Rx,0,8,00,00,1E,10,22,1E,1E,00,
2382881,000001BA,false,Rx,0,6,10,1E,C0,45,61,32,00,00,
2390803,00000102,false,Rx,0,3,00,00,00,00,00,00,00,00,
2391902,000000FA,false,Rx,0,8,00,00,1E,10,22,1E,1E,00,
2395446,00000766,false,Rx,0,8,18,04,00,00,00,03,00,00,
2398712,00000201,false,Rx,0,8,00,FE,FE,00,00,00,A7,00,
2399710,00000101,false,Rx,0,8,00,00,00,00,00,00,03,00,
2401866,000000FA,false,Rx,0,8,00,00,1E,10,22,1E,1E,00,
2402887,000001BA,false,Rx,0,6,10,1E,C0,45,61,32,00,00,
2409003,00000711,false,Rx,0,8,04,03,F1,FB,06,70,00,46,
2411843,000000FA,false,Rx,0,8,00,00,1E,10,22,1E,1E,00,
2415369,00000386,false,Rx,0,6,02,DC,A1,86,A6,00,00,00,
2418627,00000201,false,Rx,0,8,00,FE,FE,00,00,00,A8,00,
2421899,000000FA,false,Rx,0,8,00,00,1E,10,22,1E,1E,00,
2422886,000001BA,false,Rx,0,6,10,1E,C0,45,61,32,00,00,
2431885,000000FA,false,Rx,0,8,00,00,1E,10,22,1E,1E,00,
2434180,00000102,false,Rx,0,3,00,00,00,00,00,00,00,00,
2438703,00000201,false,Rx,0,8,00,FE,FE,00,00,00,A9,00,
2439690,00000101,false,Rx,0,8,00,00,00,00,00,00,03,00,
2441868,000000FA,false,Rx,0,8,00,00,1E,10,22,1E,1E,00,
2442874,000001BA,false,Rx,0,6,10,1E,C0,45,61,32,00,00,
2451876,000000FA,false,Rx,0,8,00,00,1E,10,22,1E,1E,00,
2458653,00000201,false,Rx,0,8,00,FE,FE,00,00,00,AA,00,
2461916,000000FA,false,Rx,0,8,00,00,1E,10,22,1E,1E,00,
2462935,000001BA,false,Rx,0,6,10,1E,C0,45,61,32,00,00,
2467460,0000077A,false,Rx,0,8,76,0B,5D,20,1C,00,00,FF,
2468994,0000049A,false,Rx,0,7,00,BC,2E,0A,12,69,67,00,
2471866,000000FA,false,Rx,0,8,00,00,1E,10,22,1E,1E,00,
2473122,00000102,false,Rx,0,3,00,00,00,00,00,00,00,00,
2478654,00000741,false,Rx,0,6,00,00,00,00,00,00,00,00,
2479670,00000201,false,Rx,0,8,00,FE,FE,00,00,00,AB,00,
2479671,00000101,false,Rx,0,8,00,00,00,00,00,00,03,00,
2481959,000000FA,false,Rx,0,8,00,00,1E,10,22,1E,1E,00,
2482857,000001BA,false,Rx,0,6,10,1E,C0,45,61,32,00,00,
2491857,000000FA,false,Rx,0,8,00,00,1E,10,22,1E,1E,00,
2493417,000007DF,false,Rx,0,8,02,01,0D,AA,AA,AA,AA,AA,
2495450,00000766,false,Rx,0,8,18,04,00,00,00,03,00,00,
2498656,00000201,false,Rx,0,8,00,FE,FE,00,00,00,AC,00,
2501890,000000FA,false,Rx,0,8,00,00,1E,10,22,1E,1E,00,
2502875,000007E8,false,Rx,0,8,03,41,0D,00,00,00,00,00,
2502877,000001BA,false,Rx,0,6,10,1E,C0,45,61,32,00,00,
2511820,000000FA,false,Rx,0,8,00,00,1E,10,22,1E,1E,00,
2514088,00000102,false,Rx,0,3,00,00,00,00,00,00,00,00,
2515363,00000386,false,Rx,0,6,02,DC,A1,86,A6,00,00,00,
2516400,00000711,false,Rx,0,8,04,03,F1,FB,06,70,00,46,
2518651,00000201,false,Rx,0,8,00,FE,FE,00,00,00,AD,00,
2519671,00000101,false,Rx,0,8,00,00,00,00,00,00,03,00,
2521822,000000FA,false,Rx,0,8,00,00,1E,10,22,1E,1E,00,
2522844,000007DF,false,Rx,0,8,02,01,0C,AA,AA,AA,AA,AA,
2522845,000001BA,false,Rx,0,6,10,1E,C0,45,61,32,00,00,
2531762,000000FA,false,Rx,0,8,00,00,1E,10,22,1E,1E,00,
2532777,000007E8,false,Rx,0,8,04,41,0C,00,00,00,00,00,
2538636,00000201,false,Rx,0,8,00,FE,FE,00,00,00,AE,00,
2541840,000000FA,false,Rx,0,8,00,00,1E,10,22,1E,1E,00,
2542870,000001BA,false,Rx,0,6,10,1E,C0,45,61,32,00,00,
2550304,000007DF,false,Rx,0,8,02,01,01,AA,AA,AA,AA,AA,
2551880,000000FA,false,Rx,0,8,00,00,1E,10,22,1E,1E,00,
2552905,000007E8,false,Rx,0,8,06,41,01,00,06,80,00,00,
2554647,00000102,false,Rx,0,3,00,00,00,00,00,00,00,00,
2558649,00000201,false,Rx,0,8,00,FE,FE,00,00,00,AF,00,
2559672,00000101,false,Rx,0,8,00,00,00,00,00,00,03,00,
2561809,000000FA,false,Rx,0,8,00,00,1E,10,22,1E,1E,00,
2562824,000001BA,false,Rx,0,6,10,1E,C0,45,61,32,00,00,
2567390,0000077A,false,Rx,0,8,76,0B,5D,20,1C,00,00,FF,
2568867,0000049A,false,Rx,0,7,00,BC,2E,0A,12,69,67,00,
2571783,000000FA,false,Rx,0,8,00,00,1E,10,22,1E,1E,00,
2578605,00000741,false,Rx,0,6,00,00,00,00,00,00,00,00,
2579620,00000201,false,Rx,0,8,00,FE,FE,00,00,00,B0,00,
2581784,000000FA,false,Rx,0,8,00,00,1E,10,22,1E,1E,00,
2582800,000001BA,false,Rx,0,6,10,1E,C0,45,61,32,00,00,
2591803,000000FA,false,Rx,0,8,00,00,1E,10,22,1E,1E,00,
2595470,00000766,false,Rx,0,8,18,04,00,00,00,03,00,00,
2596450,0000069F,false,Rx,0,4,89,55,10,0F,00,00,00,00,
2596454,00000102,false,Rx,0,3,00,00,00,00,00,00,00,00,
2598677,00000201,false,Rx,0,8,00,FE,FE,00,00,00,B1,00,
2599689,00000101,false,Rx,0,8,00,00,00,00,00,00,03,00,
2601743,000000FA,false,Rx,0,8,00,00,1E,10,22,1E,1E,00,
2602757,000001BA,false,Rx,0,6,10,1E,C0,45,61,32,00,00,
2611745,000000FA,false,Rx,0,8,00,00,1E,10,22,1E,1E,00,
2615345,00000386,false,Rx,0,6,02,DC,A1,86,A6,00,00,00,
2618653,00000201,false,Rx,0,8,00,FE,FE,00,00,00,B2,00,
2621779,000000FA,false,Rx,0,8,00,00,1E,10,22,1E,1E,00,
2622777,00000711,false,Rx,0,8,04,03,F1,FB,06,70,00,46,
2622778,000001BA,false,Rx,0,6,10,1E,C0,45,61,32,00,00,
2631756,000000FA,false,Rx,0,8,00,00,1E,10,22,1E,1E,00,
2636672,00000102,false,Rx,0,3,00,00,00,00,00,00,00,00,
2638686,00000201,false,Rx,0,8,00,FE,FE,00,00,00,B3,00,
2639698,00000101,false,Rx,0,8,00,00,00,00,00,00,03,00,
2641738,000000FA,false,Rx,0,8,00,00,1E,10,22,1E,1E,00,
2642762,000001BA,false,Rx,0,6,10,1E,C0,45,61,32,00,00,
2651777,000000FA,false,Rx,0,8,00,00,1E,10,22,1E,1E,00,
2658647,00000201,false,Rx,0,8,00,FE,FE,00,00,00,B4,00,
2661795,000000FA,false,Rx,0,8,00,00,1E,10,22,1E,1E,00,
2662824,000001BA,false,Rx,0,6,10,1E,C0,45,61,32,00,00,
2667398,0000077A,false,Rx,0,8,76,0B,5D,20,1C,00,00,FF,
2668882,0000049A,false,Rx,0,7,00,BC,2E,0A,12,69,67,00,
2671776,000000FA,false,Rx,0,8,00,00,1E,10,22,1E,1E,00,
2677495,00000102,false,Rx,0,3,00,00,00,00,00,00,00,00,
2678587,00000741,false,Rx,0,6,00,00,00,00,00,00,00,00,
2679586,00000201,false,Rx,0,8,00,FE,FE,00,00,00,B5,00,
2679588,00000101,false,Rx,0,8,00,00,00,00,00,00,03,00,
2681697,000000FA,false,Rx,0,8,00,00,1E,10,22,1E,1E,00,
2682715,000001BA,false,Rx,0,6,10,1E,C0,45,61,32,00,00,
2691704,000000FA,false,Rx,0,8,00,00,1E,10,22,1E,1E,00,
2695542,00000766,false,Rx,0,8,18,04,00,00,00,03,00,00,
2698641,00000201,false,Rx,0,8,00,FE,FE,00,00,00,B6,00,
2701723,000000FA,false,Rx,0,8,00,00,1E,10,22,1E,1E,00,
2702753,000001BA,false,Rx,0,6,10,1E,C0,45,61,32,00,00,
2711747,000000FA,false,Rx,0,8,00,00,1E,10,22,1E,1E,00,
2715385,00000386,false,Rx,0,6,02,DC,A1,86,A6,00,00,00,
2718658,00000201,false,Rx,0,8,00,FE,FE,00,00,00,B7,00,
2719654,00000101,false,Rx,0,8,00,00,00,00,00,00,03,00,
2719655,00000102,false,Rx,0,3,00,00,00,00,00,00,00,00,
2721718,000000FA,false,Rx,0,8,00,00,1E,10,22,1E,1E,00,
2722745,000001BA,false,Rx,0,6,10,1E,C0,45,61,32,00,00,
2727251,00000711,false,Rx,0,8,04,03,F1,FB,06,70,00,46,
2731656,000000FA,false,Rx,0,8,00,00,1E,10,22,1E,1E,00,
2738628,00000201,false,Rx,0,8,00,FE,FE,00,00,00,B8,00,
2741715,000000FA,false,Rx,0,8,00,00,1E,10,22,1E,1E,00,
2742743,000001BA,false,Rx,0,6,10,1E,C0,45,61,32,00,00,
2751707,000000FA,false,Rx,0,8,00,00,1E,10,22,1E,1E,00,
2758638,00000201,false,Rx,0,8,00,FE,FE,00,00,00,B9,00,
2759655,00000101,false,Rx,0,8,00,00,00,00,00,00,03,00,
2759656,00000102,false,Rx,0,3,00,00,00,00,00,00,00,00,
2761720,000000FA,false,Rx,0,8,00,00,1E,10,22,1E,1E,00,
2762748,000001BA,false,Rx,0,6,10,1E,C0,45,61,32,00,00,
2767221,0000077A,false,Rx,0,8,76,0B,5D,20,1C,00,00,FF,
2768721,0000049A,false,Rx,0,7,00,BC,2E,0A,12,69,67,00,
2771675,000000FA,false,Rx,0,8,00,00,1E,10,22,1E,1E,00,
2778550,00000741,false,Rx,0,6,00,00,00,00,00,00,00,00,
2779563,00000201,false,Rx,0,8,00,FE,FE,00,00,00,BA,00,
2781685,000000FA,false,Rx,0,8,00,00,1E,10,22,1E,1E,00,
2782693,000001BA,false,Rx,0,6,10,1E,C0,45,61,32,00,00,
2791634,000000FA,false,Rx,0,8,00,00,1E,10,22,1E,1E,00,
2795447,00000766,false,Rx,0,8,18,04,00,00,00,03,00,00,
2798672,00000201,false,Rx,0,8,00,FE,FE,00,00,00,BB,00,
2799652,00000101,false,Rx,0,8,00,00,00,00,00,00,03,00,
2801659,000000FA,false,Rx,0,8,00,00,1E,10,22,1E,1E,00,
2802653,000001BA,false,Rx,0,6,10,1E,C0,45,61,32,00,00,
2802654,00000102,false,Rx,0,3,00,00,00,00,00,00,00,00,
2811649,000000FA,false,Rx,0,8,00,00,1E,10,22,1E,1E,00,
2815329,00000386,false,Rx,0,6,02,DC,A1,86,A6,00,00,00,
2818623,00000201,false,Rx,0,8,00,FE,FE,00,00,00,BC,00,
2821670,000000FA,false,Rx,0,8,00,00,1E,10,22,1E,1E,00,
2822680,000001BA,false,Rx,0,6,10,1E,C0,45,61,32,00,00,
2831653,000000FA,false,Rx,0,8,00,00,1E,10,22,1E,1E,00,
2834466,00000711,false,Rx,0,8,04,03,F1,FB,06,70,00,46,
2838660,00000201,false,Rx,0,8,00,FE,FE,00,00,00,BD,00,
2839679,00000101,false,Rx,0,8,00,00,00,00,00,00,03,00,
2841478,00000102,false,Rx,0,3,00,00,00,00,00,00,00,00,
2842484,000000FA,false,Rx,0,8,00,00,1E,10,22,1E,1E,00,
2842486,000001BA,false,Rx,0,6,10,1E,C0,45,61,32,00,00,
2851581,000000FA,false,Rx,0,8,00,00,1E,10,22,1E,1E,00,
2858616,00000201,false,Rx,0,8,00,FE,FE,00,00,00,BE,00,
2861651,000000FA,false,Rx,0,8,00,00,1E,10,22,1E,1E,00,
2862669,000001BA,false,Rx,0,6,10,1E,C0,45,61,32,00,00,
2867220,0000077A,false,Rx,0,8,76,0B,5D,20,1C,00,00,FF,
2868778,0000049A,false,Rx,0,7,00,BC,2E,0A,12,69,67,00,
2871673,000000FA,false,Rx,0,8,00,00,1E,10,22,1E,1E,00,
2878520,00000741,false,Rx,0,6,00,00,00,00,00,00,00,00,
2879570,00000201,false,Rx,0,8,00,FE,FE,00,00,00,BF,00,
2879572,00000101,false,Rx,0,8,00,00,00,00,00,00,03,00,
2881598,000000FA,false,Rx,0,8,00,00,1E,10,22,1E,1E,00,
2882643,000001BA,false,Rx,0,6,10,1E,C0,45,61,32,00,00,
2883641,00000102,false,Rx,0,3,00,00,00,00,00,00,00,00,
2891527,000000FA,false,Rx,0,8,00,00,1E,10,22,1E,1E,00,
2895416,00000766,false,Rx,0,8,18,04,00,00,00,03,00,00,
2898621,00000201,false,Rx,0,8,00,FE,FE,00,00,00,C0,00,
2901611,000000FA,false,Rx,0,8,00,00,1E,10,22,1E,1E,00,
2902619,000001BA,false,Rx,0,6,10,1E,C0,45,61,32,00,00,
2911626,000000FA,false,Rx,0,8,00,00,1E,10,22,1E,1E,00,
2915332,00000386,false,Rx,0,6,02,DC,A1,86,A6,00,00,00,
2918657,00000201,false,Rx,0,8,00,FE,FE,00,00,00,C1,00,
2919642,00000101,false,Rx,0,8,00,00,00,00,00,00,03,00,
2921628,000000FA,false,Rx,0,8,00,00,1E,10,22,1E,1E,00,
2922656,000001BA,false,Rx,0,6,10,1E,C0,45,61,32,00,00,
2925200,00000102,false,Rx,0,3,00,00,00,00,00,00,00,00,
2931491,000000FA,false,Rx,0,8,00,00,1E,10,22,1E,1E,00,
2938601,00000201,false,Rx,0,8,00,FE,FE,00,00,00,C2,00,
2940455,00000711,false,Rx,0,8,04,03,F1,FB,06,70,00,46,
2941580,000000FA,false,Rx,0,8,00,00,1E,10,22,1E,1E,00,
2942621,000001BA,false,Rx,0,6,10,1E,C0,45,61,32,00,00,
2951593,000000FA,false,Rx,0,8,00,00,1E,10,22,1E,1E,00,
2958600,00000201,false,Rx,0,8,00,FE,FE,00,00,00,C3,00,
2959644,00000101,false,Rx,0,8,00,00,00,00,00,00,03,00,
2961562,000000FA,false,Rx,0,8,00,00,1E,10,22,1E,1E,00,
2962618,000001BA,false,Rx,0,6,10,1E,C0,45,61,32,00,00,
2964247,00000102,false,Rx,0,3,00,00,00,00,00,00,00,00,
2967116,0000077A,false,Rx,0,8,76,0B,5D,20,1C,00,00,FF,
2968638,0000049A,false,Rx,0,7,00,BC,2E,0A,12,69,67,00,
2971544,000000FA,false,Rx,0,8,00,00,1E,10,22,1E,1E,00,
2978527,00000741,false,Rx,0,6,00,00,00,00,00,00,00,00,
2979553,00000201,false,Rx,0,8,00,FE,FE,00,00,00,C4,00,
2981575,000000FA,false,Rx,0,8,00,00,1E,10,22,1E,1E,00,
2982596,000001BA,false,Rx,0,6,10,1E,C0,45,61,32,00,00,
2991596,000000FA,false,Rx,0,8,00,00,1E,10,22,1E,1E,00,
2995370,00000766,false,Rx,0,8,18,04,00,00,00,03,00,00,
2998582,00000201,false,Rx,0,8,00,FE,FE,00,00,00,C5,00,
2999602,00000101,false,Rx,0,8,00,00,00,00,00,00,03,00,
3001511,000000FA,false,Rx,0,8,00,00,1E,10,22,1E,1E,00,
3002533,000001BA,false,Rx,0,6,10,1E,C0,45,61,32,00,00,
3005228,00000102,false,Rx,0,3,00,00,00,00,00,00,00,00,
3011491,000000FA,false,Rx,0,8,00,00,1E,10,22,1E,1E,00,
3015284,00000386,false,Rx,0,6,02,DC,A1,86,A6,00,00,00,
3018579,00000201,false,Rx,0,8,00,FE,FE,00,00,00,C6,00,
3021511,000000FA,false,Rx,0,8,00,00,1E,10,22,1E,1E,00,
3022534,000001BA,false,Rx,0,6,10,1E,C0,45,61,32,00,00,
3031493,000000FA,false,Rx,0,8,00,00,1E,10,22,1E,1E,00,
3038601,00000201,false,Rx,0,8,00,FE,FE,00,00,00,C7,00,
3039629,00000101,false,Rx,0,8,00,00,00,00,00,00,03,00,
3041509,000000FA,false,Rx,0,8,00,00,1E,10,22,1E,1E,00,
3042532,000001BA,false,Rx,0,6,10,1E,C0,45,61,32,00,00,
3046009,00000102,false,Rx,0,3,00,00,00,00,00,00,00,00,
3047546,00000711,false,Rx,0,8,04,03,F1,FB,06,70,00,46,
3051447,000000FA,false,Rx,0,8,00,00,1E,10,22,1E,1E,00,
3058533,00000201,false,Rx,0,8,00,FE,FE,00,00,00,C8,00,
3061530,000000FA,false,Rx,0,8,00,00,1E,10,22,1E,1E,00,
3062525,000001BA,false,Rx,0,6,10,1E,C0,45,61,32,00,00,
3067093,0000077A,false,Rx,0,8,76,0B,5D,20,1C,00,00,FF,
3068610,0000049A,false,Rx,0,7,00,BC,2E,0A,12,69,67,00,
3071507,000000FA,false,Rx,0,8,00,00,1E,10,22,1E,1E,00,
3078529,00000741,false,Rx,0,6,00,00,00,00,00,00,00,00,
3079527,00000201,false,Rx,0,8,00,FE,FE,00,00,00,C9,00,
3079528,00000101,false,Rx,0,8,00,00,00,00,00,00,03,00,
3081448,000000FA,false,Rx,0,8,00,00,1E,10,22,1E,1E,00,
3082461,000001BA,false,Rx,0,6,10,1E,C0,45,61,32,00,00,
3087010,00000102,false,Rx,0,3,00,00,00,00,00,00,00,00,
3091450,000000FA,false,Rx,0,8,00,00,1E,10,22,1E,1E,00,
3095337,00000766,false,Rx,0,8,18,04,00,00,00,03,00,00,
3098572,00000201,false,Rx,0,8,00,FE,FE,00,00,00,CA,00,
3101449,000000FA,false,Rx,0,8,00,00,1E,10,22,1E,1E,00,
3102459,000001BA,false,Rx,0,6,10,1E,C0,45,61,32,00,00,
3111504,000000FA,false,Rx,0,8,00,00,1E,10,22,1E,1E,00,
3115301,00000386,false,Rx,0,6,02,DC,A1,86,A6,00,00,00,
3118628,00000201,false,Rx,0,8,00,FE,FE,00,00,00,CB,00,
3119618,00000101,false,Rx,0,8,00,00,00,00,00,00,03,00,
3121490,000000FA,false,Rx,0,8,00,00,1E,10,22,1E,1E,00,
3122475,000001BA,false,Rx,0,6,10,1E,C0,45,61,32,00,00,
3128157,00000102,false,Rx,0,3,00,00,00,00,00,00,00,00,
3131458,000000FA,false,Rx,0,8,00,00,1E,10,22,1E,1E,00,
3138545,00000201,false,Rx,0,8,00,FE,FE,00,00,00,CC,00,
3141465,000000FA,false,Rx,0,8,00,00,1E,10,22,1E,1E,00,
3142456,000001BA,false,Rx,0,6,10,1E,C0,45,61,32,00,00,
3151449,000000FA,false,Rx,0,8,00,00,1E,10,22,1E,1E,00,
3153526,00000711,false,Rx,0,8,04,03,F1,FB,06,70,00,46,
3158619,00000201,false,Rx,0,8,00,FE,FE,00,00,00,CD,00,
3159618,00000101,false,Rx,0,8,00,00,00,00,00,00,03,00,
3161462,000000FA,false,Rx,0,8,00,00,1E,10,22,1E,1E,00,
3162470,000001BA,false,Rx,0,6,10,1E,C0,45,61,32,00,00,
3167052,0000077A,false,Rx,0,8,76,0B,5D,20,1C,00,00,FF,
3168573,0000049A,false,Rx,0,7,00,BC,2E,0A,12,69,67,00,
3169587,00000102,false,Rx,0,3,00,00,00,00,00,00,00,00,
3171462,000000FA,false,Rx,0,8,00,00,1E,10,22,1E,1E,00,
3178486,00000741,false,Rx,0,6,00,00,00,00,00,00,00,00,
3179530,00000201,false,Rx,0,8,00,FE,FE,00,00,00,CE,00,
3181502,000000FA,false,Rx,0,8,00,00,1E,10,22,1E,1E,00,
3182454,000001BA,false,Rx,0,6,10,1E,C0,45,61,32,00,00,
3191463,000000FA,false,Rx,0,8,00,00,1E,10,22,1E,1E,00,
3195368,00000766,false,Rx,0,8,18,04,00,00,00,03,00,00,
3198617,00000201,false,Rx,0,8,00,FE,FE,00,00,00,CF,00,
3199614,00000101,false,Rx,0,8,00,00,00,00,00,00,03,00,
3201478,000000FA,false,Rx,0,8,00,00,1E,10,22,1E,1E,00,
3202484,000001BA,false,Rx,0,6,10,1E,C0,45,61,32,00,00,
3210057,00000102,false,Rx,0,3,00,00,00,00,00,00,00,00,
3211450,000000FA,false,Rx,0,8,00,00,1E,10,22,1E,1E,00,
3215638,00000386,false,Rx,0,6,02,DC,A1,86,A6,00,00,00,
3218590,00000201,false,Rx,0,8,00,FE,FE,00,00,00,D0,00,
3221469,000000FA,false,Rx,0,8,00,00,1E,10,22,1E,1E,00,
3222461,000001BA,false,Rx,0,6,10,1E,C0,45,61,32,00,00,
3231487,000000FA,false,Rx,0,8,00,00,1E,10,22,1E,1E,00,
3238673,00000201,false,Rx,0,8,00,FE,FE,00,00,00,D1,00,
3239657,00000101,false,Rx,0,8,00,00,00,00,00,00,03,00,
3241403,000000FA,false,Rx,0,8,00,00,1E,10,22,1E,1E,00,
3242471,000001BA,false,Rx,0,6,10,1E,C0,45,61,32,00,00,
3251375,000000FA,false,Rx,0,8,00,00,1E,10,22,1E,1E,00,
3252583,00000102,false,Rx,0,3,00,00,00,00,00,00,00,00,
3258556,00000201,false,Rx,0,8,00,FE,FE,00,00,00,D2,00,
3259637,00000711,false,Rx,0,8,04,03,F1,FB,06,70,00,46,
3261580,000000FA,false,Rx,0,8,00,00,1E,10,22,1E,1E,00,
3262602,000001BA,false,Rx,0,6,10,1E,C0,45,61,32,00,00,
3267160,0000077A,false,Rx,0,8,76,0B,5D,20,1C,00,00,FF,
3268712,0000049A,false,Rx,0,7,00,BC,2E,0A,12,69,67,00,
3271386,000000FA,false,Rx,0,8,00,00,1E,10,22,1E,1E,00,
3278532,00000741,false,Rx,0,6,00,00,00,00,00,00,00,00,
3279551,00000201,false,Rx,0,8,00,FE,FE,00,00,00,D3,00,
3279553,00000101,false,Rx,0,8,00,00,00,00,00,00,03,00,
3281353,000000FA,false,Rx,0,8,00,00,1E,10,22,1E,1E,00,
3282361,000001BA,false,Rx,0,6,10,1E,C0,45,61,32,00,00,
3291331,000000FA,false,Rx,0,8,00,00,1E,10,22,1E,1E,00,
3292329,00000102,false,Rx,0,3,00,00,00,00,00,00,00,00,
3295332,00000766,false,Rx,0,8,18,04,00,00,00,03,00,00,
3298528,00000201,false,Rx,0,8,00,FE,FE,00,00,00,D4,00,
3301345,000000FA,false,Rx,0,8,00,00,1E,10,22,1E,1E,00,
3302364,000001BA,false,Rx,0,6,10,1E,C0,45,61,32,00,00,
3311391,000000FA,false,Rx,0,8,00,00,1E,10,22,1E,1E,00,
3315224,00000386,false,Rx,0,6,02,DC,A1,86,A6,00,00,00,
3318559,00000201,false,Rx,0,8,00,FE,FE,00,00,00,D5,00,
3319595,00000101,false,Rx,0,8,00,00,00,00,00,00,03,00,
3321374,000000FA,false,Rx,0,8,00,00,1E,10,22,1E,1E,00,
3322393,000001BA,false,Rx,0,6,10,1E,C0,45,61,32,00,00,
3331309,000000FA,false,Rx,0,8,00,00,1E,10,22,1E,1E,00,
3332867,00000102,false,Rx,0,3,00,00,00,00,00,00,00,00,
3338554,00000201,false,Rx,0,8,00,FE,FE,00,00,00,D6,00,
3341347,000000FA,false,Rx,0,8,00,00,1E,10,22,1E,1E,00,
3342366,000001BA,false,Rx,0,6,10,1E,C0,45,61,32,00,00,
3351334,000000FA,false,Rx,0,8,00,00,1E,10,22,1E,1E,00,
3358555,00000201,false,Rx,0,8,00,FE,FE,00,00,00,D7,00,
3359583,00000101,false,Rx,0,8,00,00,00,00,00,00,03,00,
3361328,000000FA,false,Rx,0,8,00,00,1E,10,22,1E,1E,00,
3362357,000001BA,false,Rx,0,6,10,1E,C0,45,61,32,00,00,
3366888,0000077A,false,Rx,0,8,76,0B,5D,20,1C,00,00,FF,
3367920,00000711,false,Rx,0,8,04,03,F1,FB,06,70,00,46,
3368958,0000049A,false,Rx,0,7,00,BC,2E,0A,12,69,67,00,
3371370,000000FA,false,Rx,0,8,00,00,1E,10,22,1E,1E,00,
3373752,00000102,false,Rx,0,3,00,00,00,00,00,00,00,00,
3378458,00000741,false,Rx,0,6,00,00,00,00,00,00,00,00,
3379495,00000201,false,Rx,0,8,00,FE,FE,00,00,00,D8,00,
3381331,000000FA,false,Rx,0,8,00,00,1E,10,22,1E,1E,00,
3382338,000001BA,false,Rx,0,6,10,1E,C0,45,61,32,00,00,
3391348,000000FA,false,Rx,0,8,00,00,1E,10,22,1E,1E,00,
3395343,00000766,false,Rx,0,8,18,04,00,00,00,03,00,00,
3398524,00000201,false,Rx,0,8,00,FE,FE,00,00,00,D9,00,
3399598,00000101,false,Rx,0,8,00,00,00,00,00,00,03,00,
3401336,000000FA,false,Rx,0,8,00,00,1E,10,22,1E,1E,00,
3402356,000001BA,false,Rx,0,6,10,1E,C0,45,61,32,00,00,
3411347,000000FA,false,Rx,0,8,00,00,1E,10,22,1E,1E,00,
3414661,00000102,false,Rx,0,3,00,00,00,00,00,00,00,00,
3415655,00000386,false,Rx,0,6,02,DC,A1,86,A6,00,00,00,
3418556,00000201,false,Rx,0,8,00,FE,FE,00,00,00,DA,00,
3421357,000000FA,false,Rx,0,8,00,00,1E,10,22,1E,1E,00,
3422357,000001BA,false,Rx,0,6,10,1E,C0,45,61,32,00,00,
3431309,000000FA,false,Rx,0,8,00,00,1E,10,22,1E,1E,00,
3438556,00000201,false,Rx,0,8,00,FE,FE,00,00,00,DB,00,
3439590,00000101,false,Rx,0,8,00,00,00,00,00,00,03,00,
3441393,000000FA,false,Rx,0,8,00,00,1E,10,22,1E,1E,00,
3442353,000001BA,false,Rx,0,6,10,1E,C0,45,61,32,00,00,
3451285,000000FA,false,Rx,0,8,00,00,1E,10,22,1E,1E,00,
3456111,00000102,false,Rx,0,3,00,00,00,00,00,00,00,00,
3458560,00000201,false,Rx,0,8,00,FE,FE,00,00,00,DC,00,
3461337,000000FA,false,Rx,0,8,00,00,1E,10,22,1E,1E,00,
3462383,000001BA,false,Rx,0,6,10,1E,C0,45,61,32,00,00,
3466937,0000077A,false,Rx,0,8,76,0B,5D,20,1C,00,00,FF,
3468433,0000049A,false,Rx,0,7,00,BC,2E,0A,12,69,67,00,
3471374,000000FA,false,Rx,0,8,00,00,1E,10,22,1E,1E,00,
3474717,00000711,false,Rx,0,8,04,03,F1,FB,06,70,00,46,
3478531,00000741,false,Rx,0,6,00,00,00,00,00,00,00,00,
3479543,00000201,false,Rx,0,8,00,FE,FE,00,00,00,DD,00,
3479544,00000101,false,Rx,0,8,00,00,00,00,00,00,03,00,
3481306,000000FA,false,Rx,0,8,00,00,1E,10,22,1E,1E,00,
3482326,000001BA,false,Rx,0,6,10,1E,C0,45,61,32,00,00,
3491269,000000FA,false,Rx,0,8,00,00,1E,10,22,1E,1E,00,
3495372,00000766,false,Rx,0,8,18,04,00,00,00,03,00,00,
3496744,00000102,false,Rx,0,3,00,00,00,00,00,00,00,00,
3498497,00000201,false,Rx,0,8,00,FE,FE,00,00,00,DE,00,
3501302,000000FA,false,Rx,0,8,00,00,1E,10,22,1E,1E,00,
3502324,000001BA,false,Rx,0,6,10,1E,C0,45,61,32,00,00,
3503633,000007DF,false,Rx,0,8,02,01,0D,AA,AA,AA,AA,AA,
3511304,000000FA,false,Rx,0,8,00,00,1E,10,22,1E,1E,00,
3512322,000007E8,false,Rx,0,8,03,41,0D,00,00,00,00,00,
3515253,00000386,false,Rx,0,6,02,DC,A1,86,A6,00,00,00,
3518584,00000201,false,Rx,0,8,00,FE,FE,00,00,00,DF,00,
3519560,00000101,false,Rx,0,8,00,00,00,00,00,00,03,00,
3521280,000000FA,false,Rx,0,8,00,00,1E,10,22,1E,1E,00,
3522301,000001BA,false,Rx,0,6,10,1E,C0,45,61,32,00,00,
3531249,000000FA,false,Rx,0,8,00,00,1E,10,22,1E,1E,00,
3532519,000007DF,false,Rx,0,8,02,01,0C,AA,AA,AA,AA,AA,
3537658,00000102,false,Rx,0,3,00,00,00,00,00,00,00,00,
3538679,00000201,false,Rx,0,8,00,FE,FE,00,00,00,E0,00,
3541314,000000FA,false,Rx,0,8,00,00,1E,10,22,1E,1E,00,
3542293,000007E8,false,Rx,0,8,04,41,0C,00,00,00,00,00,
3542294,000001BA,false,Rx,0,6,10,1E,C0,45,61,32,00,00,
3551306,000000FA,false,Rx,0,8,00,00,1E,10,22,1E,1E,00,
3558601,00000201,false,Rx,0,8,00,FE,FE,00,00,00,E1,00,
3559627,00000101,false,Rx,0,8,00,00,00,00,00,00,03,00,
3560707,000007DF,false,Rx,0,8,02,01,01,AA,AA,AA,AA,AA,
3561695,000000FA,false,Rx,0,8,00,00,1E,10,22,1E,1E,00,
3562718,000007E8,false,Rx,0,8,06,41,01,00,06,80,00,00,
3562719,000001BA,false,Rx,0,6,10,1E,C0,45,61,32,00,00,
3566965,0000077A,false,Rx,0,8,76,0B,5D,20,1C,00,00,FF,
3568447,0000049A,false,Rx,0,7,00,BC,2E,0A,12,69,67,00,
3571285,000000FA,false,Rx,0,8,00,00,1E,10,22,1E,1E,00,
3578501,00000741,false,Rx,0,6,00,00,00,00,00,00,00,00,
3579515,00000201,false,Rx,0,8,00,FE,FE,00,00,00,E2,00,
3580561,00000102,false,Rx,0,3,00,00,00,00,00,00,00,00,
3581587,000000FA,false,Rx,0,8,00,00,1E,10,22,1E,1E,00,
3582525,000001BA,false,Rx,0,6,10,1E,C0,45,61,32,00,00,
3582526,00000711,false,Rx,0,8,04,03,F1,FB,06,70,00,46,
3591206,000000FA,false,Rx,0,8,00,00,1E,10,22,1E,1E,00,
3595367,00000766,false,Rx,0,8,18,04,00,00,00,03,00,00,
3596346,0000069F,false,Rx,0,4,89,55,10,0F,00,00,00,00,
3598507,00000201,false,Rx,0,8,00,FE,FE,00,00,00,E3,00,
3599523,00000101,false,Rx,0,8,00,00,00,00,00,00,03,00,
3601170,000000FA,false,Rx,0,8,00,00,1E,10,22,1E,1E,00,
3602201,000001BA,false,Rx,0,6,10,1E,C0,45,61,32,00,00,
3611175,000000FA,false,Rx,0,8,00,00,1E,10,22,1E,1E,00,
3615187,00000386,false,Rx,0,6,02,DC,A1,86,A6,00,00,00,
3618484,00000201,false,Rx,0,8,00,FE,FE,00,00,00,E4,00,
3619510,00000102,false,Rx,0,3,00,00,00,00,00,00,00,00,
3621203,000000FA,false,Rx,0,8,00,00,1E,10,22,1E,1E,00,
3622211,000001BA,false,Rx,0,6,10,1E,C0,45,61,32,00,00,
3631258,000000FA,false,Rx,0,8,00,00,1E,10,22,1E,1E,00,
3638556,00000201,false,Rx,0,8,00,FE,FE,00,00,00,E5,00,
3639533,00000101,false,Rx,0,8,00,00,00,00,00,00,03,00,
3641244,000000FA,false,Rx,0,8,00,00,1E,10,22,1E,1E,00,
3642277,000001BA,false,Rx,0,6,10,1E,C0,45,61,32,00,00,
3651186,000000FA,false,Rx,0,8,00,00,1E,10,22,1E,1E,00,
3658516,00000201,false,Rx,0,8,00,FE,FE,00,00,00,E6,00,
3660904,00000102,false,Rx,0,3,00,00,00,00,00,00,00,00,
3661930,000000FA,false,Rx,0,8,00,00,1E,10,22,1E,1E,00,
3661931,000001BA,false,Rx,0,6,10,1E,C0,45,61,32,00,00,
3666830,0000077A,false,Rx,0,8,76,0B,5D,20,1C,00,00,FF,
3668370,0000049A,false,Rx,0,7,00,BC,2E,0A,12,69,67,00,
3671247,000000FA,false,Rx,0,8,00,00,1E,10,22,1E,1E,00,
3678510,00000741,false,Rx,0,6,00,00,00,00,00,00,00,00,
3679536,00000201,false,Rx,0,8,00,FE,FE,00,00,00,E7,00,
3679537,00000101,false,Rx,0,8,00,00,00,00,00,00,03,00,
3681179,000000FA,false,Rx,0,8,00,00,1E,10,22,1E,1E,00,
3682201,000001BA,false,Rx,0,6,10,1E,C0,45,61,32,00,00,
3685284,00000711,false,Rx,0,8,04,03,F1,FB,06,70,00,46,
3691162,000000FA,false,Rx,0,8,00,00,1E,10,22,1E,1E,00,
3695377,00000766,false,Rx,0,8,18,04,00,00,00,03,00,00,
3698536,00000201,false,Rx,0,8,00,FE,FE,00,00,00,E8,00,
3701196,000000FA,false,Rx,0,8,00,00,1E,10,22,1E,1E,00,
3702190,000001BA,false,Rx,0,6,10,1E,C0,45,61,32,00,00,
3702191,00000102,false,Rx,0,3,00,00,00,00,00,00,00,00,
3711202,000000FA,false,Rx,0,8,00,00,1E,10,22,1E,1E,00,
3715204,00000386,false,Rx,0,6,02,DC,A1,86,A6,00,00,00,
3718524,00000201,false,Rx,0,8,00,FE,FE,00,00,00,E9,00,
3719530,00000101,false,Rx,0,8,00,00,00,00,00,00,03,00,
3721174,000000FA,false,Rx,0,8,00,00,1E,10,22,1E,1E,00,
3722198,000001BA,false,Rx,0,6,10,1E,C0,45,61,32,00,00,
3731114,000000FA,false,Rx,0,8,00,00,1E,10,22,1E,1E,00,
3738529,00000201,false,Rx,0,8,00,FE,FE,00,00,00,EA,00,
3741207,000000FA,false,Rx,0,8,00,00,1E,10,22,1E,1E,00,
3742286,000001BA,false,Rx,0,6,10,1E,C0,45,61,32,00,00,
3743226,00000102,false,Rx,0,3,00,00,00,00,00,00,00,00,
3751137,000000FA,false,Rx,0,8,00,00,1E,10,22,1E,1E,00,
3758556,00000201,false,Rx,0,8,00,FE,FE,00,00,00,EB,00,
3759578,00000101,false,Rx,0,8,00,00,00,00,00,00,03,00,
3761153,000000FA,false,Rx,0,8,00,00,1E,10,22,1E,1E,00,
3762153,000001BA,false,Rx,0,6,10,1E,C0,45,61,32,00,00,
3766698,0000077A,false,Rx,0,8,76,0B,5D,20,1C,00,00,FF,
3768289,0000049A,false,Rx,0,7,00,BC,2E,0A,12,69,67,00,
3771119,000000FA,false,Rx,0,8,00,00,1E,10,22,1E,1E,00,
3778473,00000741,false,Rx,0,6,00,00,00,00,00,00,00,00,
3779467,00000201,false,Rx,0,8,00,FE,FE,00,00,00,EC,00,
3781151,000000FA,false,Rx,0,8,00,00,1E,10,22,1E,1E,00,
3782176,000001BA,false,Rx,0,6,10,1E,C0,45,61,32,00,00,
3783318,00000102,false,Rx,0,3,00,00,00,00,00,00,00,00,
3791116,000000FA,false,Rx,0,8,00,00,1E,10,22,1E,1E,00,
3792346,00000711,false,Rx,0,8,04,03,F1,FB,06,70,00,46,
3795335,00000766,false,Rx,0,8,18,04,00,00,00,03,00,00,
3798521,00000201,false,Rx,0,8,00,FE,FE,00,00,00,ED,00,
3799546,00000101,false,Rx,0,8,00,00,00,00,00,00,03,00,
3801149,000000FA,false,Rx,0,8,00,00,1E,10,22,1E,1E,00,
3802155,000001BA,false,Rx,0,6,10,1E,C0,45,61,32,00,00,
3811091,000000FA,false,Rx,0,8,00,00,1E,10,22,1E,1E,00,
3815362,00000386,false,Rx,0,6,02,DC,A1,86,A6,00,00,00,
3818514,00000201,false,Rx,0,8,00,FE,FE,00,00,00,EE,00,
3821120,000000FA,false,Rx,0,8,00,00,1E,10,22,1E,1E,00,
3822308,000001BA,false,Rx,0,6,10,1E,C0,45,61,32,00,00,
3824680,00000102,false,Rx,0,3,00,00,00,00,00,00,00,00,
3831132,000000FA,false,Rx,0,8,00,00,1E,10,22,1E,1E,00,
3838491,00000201,false,Rx,0,8,00,FE,FE,00,00,00,EF,00,
3839490,00000101,false,Rx,0,8,00,00,00,00,00,00,03,00,
3841145,000000FA,false,Rx,0,8,00,00,1E,10,22,1E,1E,00,
3842146,000001BA,false,Rx,0,6,10,1E,C0,45,61,32,00,00,
3851094,000000FA,false,Rx,0,8,00,00,1E,10,22,1E,1E,00,
3858530,00000201,false,Rx,0,8,00,FE,FE,00,00,00,F0,00,
3861149,000000FA,false,Rx,0,8,00,00,1E,10,22,1E,1E,00,
3862169,000001BA,false,Rx,0,6,10,1E,C0,45,61,32,00,00,
3866124,00000102,false,Rx,0,3,00,00,00,00,00,00,00,00,
3867118,0000077A,false,Rx,0,8,76,0B,5D,20,1C,00,00,FF,
3868253,0000049A,false,Rx,0,7,00,BC,2E,0A,12,69,67,00,
3871126,000000FA,false,Rx,0,8,00,00,1E,10,22,1E,1E,00,
3878512,00000741,false,Rx,0,6,00,00,00,00,00,00,00,00,
3879540,00000201,false,Rx,0,8,00,FE,FE,00,00,00,F1,00,
3879541,00000101,false,Rx,0,8,00,00,00,00,00,00,03,00,
3881080,000000FA,false,Rx,0,8,00,00,1E,10,22,1E,1E,00,
3882109,000001BA,false,Rx,0,6,10,1E,C0,45,61,32,00,00,
3891067,000000FA,false,Rx,0,8,00,00,1E,10,22,1E,1E,00,
3895328,00000766,false,Rx,0,8,18,04,00,00,00,03,00,00,
3898545,00000201,false,Rx,0,8,00,FE,FE,00,00,00,F2,00,
3899553,00000711,false,Rx,0,8,04,03,F1,FB,06,70,00,46,
3901212,000000FA,false,Rx,0,8,00,00,1E,10,22,1E,1E,00,
3902229,000001BA,false,Rx,0,6,10,1E,C0,45,61,32,00,00,
3906368,00000102,false,Rx,0,3,00,00,00,00,00,00,00,00,
3911096,000000FA,false,Rx,0,8,00,00,1E,10,22,1E,1E,00,
3915225,00000386,false,Rx,0,6,02,DC,A1,86,A6,00,00,00,
3918578,00000201,false,Rx,0,8,00,FE,FE,00,00,00,F3,00,
3919568,00000101,false,Rx,0,8,00,00,00,00,00,00,03,00,
3921054,000000FA,false,Rx,0,8,00,00,1E,10,22,1E,1E,00,
3922077,000001BA,false,Rx,0,6,10,1E,C0,45,61,32,00,00,
3930999,000000FA,false,Rx,0,8,00,00,1E,10,22,1E,1E,00,
3938495,00000201,false,Rx,0,8,00,FE,FE,00,00,00,F4,00,
3941083,000000FA,false,Rx,0,8,00,00,1E,10,22,1E,1E,00,
3942104,000001BA,false,Rx,0,6,10,1E,C0,45,61,32,00,00,
3947292,00000102,false,Rx,0,3,00,00,00,00,00,00,00,00,
3951077,000000FA,false,Rx,0,8,00,00,1E,10,22,1E,1E,00,
3958557,00000201,false,Rx,0,8,00,FE,FE,00,00,00,F5,00,
3959567,00000101,false,Rx,0,8,00,00,00,00,00,00,03,00,
3961052,000000FA,false,Rx,0,8,00,00,1E,10,22,1E,1E,00,
3962212,000001BA,false,Rx,0,6,10,1E,C0,45,61,32,00,00,
3966627,0000077A,false,Rx,0,8,76,0B,5D,20,1C,00,00,FF,
3968130,0000049A,false,Rx,0,7,00,BC,2E,0A,12,69,67,00,
3971054,000000FA,false,Rx,0,8,00,00,1E,10,22,1E,1E,00,
3978527,00000741,false,Rx,0,6,00,00,00,00,00,00,00,00,
3979467,00000201,false,Rx,0,8,00,FE,FE,00,00,00,F6,00,
3981043,000000FA,false,Rx,0,8,00,00,1E,10,22,1E,1E,00,
3982058,000001BA,false,Rx,0,6,10,1E,C0,45,61,32,00,00,
3988148,00000102,false,Rx,0,3,00,00,00,00,00,00,00,00,
3991080,000000FA,false,Rx,0,8,00,00,1E,10,22,1E,1E,00,
3995332,00000766,false,Rx,0,8,18,04,00,00,00,03,00,00,
3998504,00000201,false,Rx,0,8,00,FE,FE,00,00,00,F7,00,
3999561,00000101,false,Rx,0,8,00,00,00,00,00,00,03,00,
4000977,000000FA,false,Rx,0,8,00,00,1E,10,22,1E,1E,00,
4002034,000001BA,false,Rx,0,6,10,1E,C0,45,61,32,00,00,
4005557,00000711,false,Rx,0,8,04,03,F1,FB,06,70,00,46,
4011001,000000FA,false,Rx,0,8,00,00,1E,10,22,1E,1E,00,
4015178,00000386,false,Rx,0,6,02,DC,A1,86,A6,00,00,00,
4018501,00000201,false,Rx,0,8,00,FE,FE,00,00,00,F8,00,
4021014,000000FA,false,Rx,0,8,00,00,1E,10,22,1E,1E,00,
4022027,000001BA,false,Rx,0,6,10,1E,C0,45,61,32,00,00,
4029161,00000102,false,Rx,0,3,00,00,00,00,00,00,00,00,
4031036,000000FA,false,Rx,0,8,00,00,1E,10,22,1E,1E,00,
4038488,00000201,false,Rx,0,8,00,FE,FE,00,00,00,F9,00,
4039539,00000101,false,Rx,0,8,00,00,00,00,00,00,03,00,
4041021,000000FA,false,Rx,0,8,00,00,1E,10,22,1E,1E,00,
4042032,000001BA,false,Rx,0,6,10,1E,C0,45,61,32,00,00,
4051002,000000FA,false,Rx,0,8,00,00,1E,10,22,1E,1E,00,
4058484,00000201,false,Rx,0,8,00,FE,FE,00,00,00,FA,00,
4061007,000000FA,false,Rx,0,8,00,00,1E,10,22,1E,1E,00,
4062031,000001BA,false,Rx,0,6,10,1E,C0,45,61,32,00,00,
4066586,0000077A,false,Rx,0,8,76,0B,5D,20,1C,00,00,FF,
4068145,0000049A,false,Rx,0,7,00,BC,2E,0A,12,69,67,00,
4070139,00000102,false,Rx,0,3,00,00,00,00,00,00,00,00,
4071156,000000FA,false,Rx,0,8,00,00,1E,10,22,1E,1E,00,
4078494,00000741,false,Rx,0,6,00,00,00,00,00,00,00,00,
4079498,00000201,false,Rx,0,8,00,FE,FE,00,00,00,FB,00,
4079500,00000101,false,Rx,0,8,00,00,00,00,00,00,03,00,
4080999,000000FA,false,Rx,0,8,00,00,1E,10,22,1E,1E,00,
4082013,000001BA,false,Rx,0,6,10,1E,C0,45,61,32,00,00,
4090953,000000FA,false,Rx,0,8,00,00,1E,10,22,1E,1E,00,
4095314,00000766,false,Rx,0,8,18,04,00,00,00,03,00,00,
4098503,00000201,false,Rx,0,8,00,FE,FE,00,00,00,FC,00,
4100942,000000FA,false,Rx,0,8,00,00,1E,10,22,1E,1E,00,
4101972,000001BA,false,Rx,0,6,10,1E,C0,45,61,32,00,00,
4110999,000000FA,false,Rx,0,8,00,00,1E,10,22,1E,1E,00,
4112004,00000102,false,Rx,0,3,00,00,00,00,00,00,00,00,
4113022,00000711,false,Rx,0,8,04,03,F1,FB,06,70,00,46,
4115203,00000386,false,Rx,0,6,02,DC,A1,86,A6,00,00,00,
4118536,00000201,false,Rx,0,8,00,FE,FE,00,00,00,FD,00,
4119559,00000101,false,Rx,0,8,00,00,00,00,00,00,03,00,
4120976,000000FA,false,Rx,0,8,00,00,1E,10,22,1E,1E,00,
4122004,000001BA,false,Rx,0,6,10,1E,C0,45,61,32,00,00,
4130907,000000FA,false,Rx,0,8,00,00,1E,10,22,1E,1E,00,
4138517,00000201,false,Rx,0,8,00,FE,FE,00,00,00,FE,00,
4140982,000000FA,false,Rx,0,8,00,00,1E,10,22,1E,1E,00,
4141999,000001BA,false,Rx,0,6,10,1E,C0,45,61,32,00,00,
4150959,000000FA,false,Rx,0,8,00,00,1E,10,22,1E,1E,00,
4152099,00000102,false,Rx,0,3,00,00,00,00,00,00,00,00,
4158533,00000201,false,Rx,0,8,00,FE,FE,00,00,00,FF,00,
4159530,00000101,false,Rx,0,8,00,00,00,00,00,00,03,00,
4160949,000000FA,false,Rx,0,8,00,00,1E,10,22,1E,1E,00,
4162086,000001BA,false,Rx,0,6,10,1E,C0,45,61,32,00,00,
4166535,0000077A,false,Rx,0,8,76,0B,5D,20,1C,00,00,FF,
4168068,0000049A,false,Rx,0,7,00,BC,2E,0A,12,69,67,00,
4170962,000000FA,false,Rx,0,8,00,00,1E,10,22,1E,1E,00,
4178482,00000741,false,Rx,0,6,00,00,00,00,00,00,00,00,
4179502,00000201,false,Rx,0,8,00,FE,FE,00,00,00,00,00,
4180942,000000FA,false,Rx,0,8,00,00,1E,10,22,1E,1E,00,
4181940,000001BA,false,Rx,0,6,10,1E,C0,45,61,32,00,00,
4190931,000000FA,false,Rx,0,8,00,00,1E,10,22,1E,1E,00,
4193170,00000102,false,Rx,0,3,00,00,00,00,00,00,00,00,
4195295,00000766,false,Rx,0,8,18,04,00,00,00,03,00,00,
4198530,00000201,false,Rx,0,8,00,FE,FE,00,00,00,01,00,
4199555,00000101,false,Rx,0,8,00,00,00,00,00,00,03,00,
4200907,000000FA,false,Rx,0,8,00,00,1E,10,22,1E,1E,00,
4201943,000001BA,false,Rx,0,6,10,1E,C0,45,61,32,00,00,
4210892,000000FA,false,Rx,0,8,00,00,1E,10,22,1E,1E,00,
4215194,00000386,false,Rx,0,6,02,DC,A1,86,A6,00,00,00,
4218202,00000711,false,Rx,0,8,04,03,F1,FB,06,70,00,46,
4219213,00000201,false,Rx,0,8,00,FE,FE,00,00,00,02,00,
4220918,000000FA,false,Rx,0,8,00,00,1E,10,22,1E,1E,00,
4222061,000001BA,false,Rx,0,6,10,1E,C0,45,61,32,00,00,
4230922,000000FA,false,Rx,0,8,00,00,1E,10,22,1E,1E,00,
4234062,00000102,false,Rx,0,3,00,00,00,00,00,00,00,00,
4238505,00000201,false,Rx,0,8,00,FE,FE,00,00,00,03,00,
4239477,00000101,false,Rx,0,8,00,00,00,00,00,00,03,00,
4240894,000000FA,false,Rx,0,8,00,00,1E,10,22,1E,1E,00,
4241908,000001BA,false,Rx,0,6,10,1E,C0,45,61,32,00,00,
4250881,000000FA,false,Rx,0,8,00,00,1E,10,22,1E,1E,00,
4258497,00000201,false,Rx,0,8,00,FE,FE,00,00,00,04,00,
4260910,000000FA,false,Rx,0,8,00,00,1E,10,22,1E,1E,00,
4261930,000001BA,false,Rx,0,6,10,1E,C0,45,61,32,00,00,
4266447,0000077A,false,Rx,0,8,76,0B,5D,20,1C,00,00,FF,
4267968,0000049A,false,Rx,0,7,00,BC,2E,0A,12,69,67,00,
4270936,000000FA,false,Rx,0,8,00,00,1E,10,22,1E,1E,00,
4277032,00000102,false,Rx,0,3,00,00,00,00,00,00,00,00,
4278442,00000741,false,Rx,0,6,00,00,00,00,00,00,00,00,
4279454,00000201,false,Rx,0,8,00,FE,FE,00,00,00,05,00,
4279456,00000101,false,Rx,0,8,00,00,00,00,00,00,03,00,
4280863,000000FA,false,Rx,0,8,00,00,1E,10,22,1E,1E,00,
4281885,000001BA,false,Rx,0,6,10,1E,C0,45,61,32,00,00,
4290847,000000FA,false,Rx,0,8,00,00,1E,10,22,1E,1E,00,
4295272,00000766,false,Rx,0,8,18,04,00,00,00,03,00,00,
4298438,00000201,false,Rx,0,8,00,FE,FE,00,00,00,06,00,
4300874,000000FA,false,Rx,0,8,00,00,1E,10,22,1E,1E,00,
4301872,000001BA,false,Rx,0,6,10,1E,C0,45,61,32,00,00,
4310849,000000FA,false,Rx,0,8,00,00,1E,10,22,1E,1E,00,
4315174,00000386,false,Rx,0,6,02,DC,A1,86,A6,00,00,00,
4317484,00000102,false,Rx,0,3,00,00,00,00,00,00,00,00,
4318507,00000201,false,Rx,0,8,00,FE,FE,00,00,00,07,00,
4319535,00000101,false,Rx,0,8,00,00,00,00,00,00,03,00,
4320875,000000FA,false,Rx,0,8,00,00,1E,10,22,1E,1E,00,
4321896,000001BA,false,Rx,0,6,10,1E,C0,45,61,32,00,00,
4324678,00000711,false,Rx,0,8,04,03,F1,FB,06,70,00,46,
4330875,000000FA,false,Rx,0,8,00,00,1E,10,22,1E,1E,00,
4338483,00000201,false,Rx,0,8,00,FE,FE,00,00,00,08,00,
4340874,000000FA,false,Rx,0,8,00,00,1E,10,22,1E,1E,00,
4341886,000001BA,false,Rx,0,6,10,1E,C0,45,61,32,00,00,
4350825,000000FA,false,Rx,0,8,00,00,1E,10,22,1E,1E,00,
4356869,00000102,false,Rx,0,3,00,00,00,00,00,00,00,00,
4358455,00000201,false,Rx,0,8,00,FE,FE,00,00,00,09,00,
4359476,00000101,false,Rx,0,8,00,00,00,00,00,00,03,00,
4360848,000000FA,false,Rx,0,8,00,00,1E,10,22,1E,1E,00,
4361875,000001BA,false,Rx,0,6,10,1E,C0,45,61,32,00,00,
4366411,0000077A,false,Rx,0,8,76,0B,5D,20,1C,00,00,FF,
4367953,0000049A,false,Rx,0,7,00,BC,2E,0A,12,69,67,00,
4370838,000000FA,false,Rx,0,8,00,00,1E,10,22,1E,1E,00,
4378433,00000741,false,Rx,0,6,00,00,00,00,00,00,00,00,
4379453,00000201,false,Rx,0,8,00,FE,FE,00,00,00,0A,00,
4380813,000000FA,false,Rx,0,8,00,00,1E,10,22,1E,1E,00,
4381829,000001BA,false,Rx,0,6,10,1E,C0,45,61,32,00,00,
4390830,000000FA,false,Rx,0,8,00,00,1E,10,22,1E,1E,00,
4395265,00000766,false,Rx,0,8,18,04,00,00,00,03,00,00,
4397794,00000102,false,Rx,0,3,00,00,00,00,00,00,00,00,
4398798,00000201,false,Rx,0,8,00,FE,FE,00,00,00,0B,00,
4399796,00000101,false,Rx,0,8,00,00,00,00,00,00,03,00,
4400794,000000FA,false,Rx,0,8,00,00,1E,10,22,1E,1E,00,
4401819,000001BA,false,Rx,0,6,10,1E,C0,45,61,32,00,00,
4410888,000000FA,false,Rx,0,8,00,00,1E,10,22,1E,1E,00,
4415164,00000386,false,Rx,0,6,02,DC,A1,86,A6,00,00,00,
4418574,00000201,false,Rx,0,8,00,FE,FE,00,00,00,0C,00,
4420946,000000FA,false,Rx,0,8,00,00,1E,10,22,1E,1E,00,
4421979,000001BA,false,Rx,0,6,10,1E,C0,45,61,32,00,00,
4430793,000000FA,false,Rx,0,8,00,00,1E,10,22,1E,1E,00,
4431773,00000711,false,Rx,0,8,04,03,F1,FB,06,70,00,46,
4438513,00000201,false,Rx,0,8,00,FE,FE,00,00,00,0D,00,
4439507,00000101,false,Rx,0,8,00,00,00,00,00,00,03,00,
4440594,00000102,false,Rx,0,3,00,00,00,00,00,00,00,00,
4441594,000000FA,false,Rx,0,8,00,00,1E,10,22,1E,1E,00,
4441596,000001BA,false,Rx,0,6,10,1E,C0,45,61,32,00,00,
4450764,000000FA,false,Rx,0,8,00,00,1E,10,22,1E,1E,00,
4458481,00000201,false,Rx,0,8,00,FE,FE,00,00,00,0E,00,
4460828,000000FA,false,Rx,0,8,00,00,1E,10,22,1E,1E,00,
4461857,000001BA,false,Rx,0,6,10,1E,C0,45,61,32,00,00,
4466417,0000077A,false,Rx,0,8,76,0B,5D,20,1C,00,00,FF,
4467949,0000049A,false,Rx,0,7,00,BC,2E,0A,12,69,67,00,
4470923,000000FA,false,Rx,0,8,00,00,1E,10,22,1E,1E,00,
4478447,00000741,false,Rx,0,6,00,00,00,00,00,00,00,00,
4479461,00000201,false,Rx,0,8,00,FE,FE,00,00,00,0F,00,
4479462,00000101,false,Rx,0,8,00,00,00,00,00,00,03,00,
4480454,00000102,false,Rx,0,3,00,00,00,00,00,00,00,00,
4481476,000000FA,false,Rx,0,8,00,00,1E,10,22,1E,1E,00,
4481477,000001BA,false,Rx,0,6,10,1E,C0,45,61,32,00,00,
4490852,000000FA,false,Rx,0,8,00,00,1E,10,22,1E,1E,00,
4495232,00000766,false,Rx,0,8,18,04,00,00,00,03,00,00,
4496380,000007DF,false,Rx,0,8,02,01,0D,AA,AA,AA,AA,AA,
4498445,00000201,false,Rx,0,8,00,FE,FE,00,00,00,10,00,
4500762,000000FA,false,Rx,0,8,00,00,1E,10,22,1E,1E,00,
4501773,000007E8,false,Rx,0,8,03,41,0D,00,00,00,00,00,
4501774,000001BA,false,Rx,0,6,10,1E,C0,45,61,32,00,00,
4510770,000000FA,false,Rx,0,8,00,00,1E,10,22,1E,1E,00,
4515163,00000386,false,Rx,0,6,02,DC,A1,86,A6,00,00,00,
4518506,00000201,false,Rx,0,8,00,FE,FE,00,00,00,11,00,
4519503,00000101,false,Rx,0,8,00,00,00,00,00,00,03,00,
4520720,000000FA,false,Rx,0,8,00,00,1E,10,22,1E,1E,00,
4521751,000001BA,false,Rx,0,6,10,1E,C0,45,61,32,00,00,
4523199,00000102,false,Rx,0,3,00,00,00,00,00,00,00,00,
4525099,000007DF,false,Rx,0,8,02,01,0C,AA,AA,AA,AA,AA,
4530704,000000FA,false,Rx,0,8,00,00,1E,10,22,1E,1E,00,
4531723,000007E8,false,Rx,0,8,04,41,0C,00,00,00,00,00,
4538446,00000201,false,Rx,0,8,00,FE,FE,00,00,00,12,00,
4539497,00000711,false,Rx,0,8,04,03,F1,FB,06,70,00,46,
4540751,000000FA,false,Rx,0,8,00,00,1E,10,22,1E,1E,00,
4541761,000001BA,false,Rx,0,6,10,1E,C0,45,61,32,00,00,
4550748,000000FA,false,Rx,0,8,00,00,1E,10,22,1E,1E,00,
4553282,000007DF,false,Rx,0,8,02,01,01,AA,AA,AA,AA,AA,
4558501,00000201,false,Rx,0,8,00,FE,FE,00,00,00,13,00,
4559546,00000101,false,Rx,0,8,00,00,00,00,00,00,03,00,
4560718,000000FA,false,Rx,0,8,00,00,1E,10,22,1E,1E,00,
4561706,000007E8,false,Rx,0,8,06,41,01,00,06,80,00,00,
4561708,000001BA,false,Rx,0,6,10,1E,C0,45,61,32,00,00,
4562738,00000102,false,Rx,0,3,00,00,00,00,00,00,00,00,
4566391,0000077A,false,Rx,0,8,76,0B,5D,20,1C,00,00,FF,
4567896,0000049A,false,Rx,0,7,00,BC,2E,0A,12,69,67,00,
4570744,000000FA,false,Rx,0,8,00,00,1E,10,22,1E,1E,00,
4578416,00000741,false,Rx,0,6,00,00,00,00,00,00,00,00,
4579399,00000201,false,Rx,0,8,00,FE,FE,00,00,00,14,00,
4580723,000000FA,false,Rx,0,8,00,00,1E,10,22,1E,1E,00,
4581752,000001BA,false,Rx,0,6,10,1E,C0,45,61,32,00,00,
4590752,000000FA,false,Rx,0,8,00,00,1E,10,22,1E,1E,00,
4595248,00000766,false,Rx,0,8,18,04,00,00,00,03,00,00,
4596282,0000069F,false,Rx,0,4,89,55,10,0F,00,00,00,00,
4598479,00000201,false,Rx,0,8,00,FE,FE,00,00,00,15,00,
4599471,00000101,false,Rx,0,8,00,00,00,00,00,00,03,00,
4600675,000000FA,false,Rx,0,8,00,00,1E,10,22,1E,1E,00,
4601704,000001BA,false,Rx,0,6,10,1E,C0,45,61,32,00,00,
4602701,00000102,false,Rx,0,3,00,00,00,00,00,00,00,00,
4610662,000000FA,false,Rx,0,8,00,00,1E,10,22,1E,1E,00,
4615125,00000386,false,Rx,0,6,02,DC,A1,86,A6,00,00,00,
4618453,00000201,false,Rx,0,8,00,FE,FE,00,00,00,16,00,
4620731,000000FA,false,Rx,0,8,00,00,1E,10,22,1E,1E,00,
4621745,000001BA,false,Rx,0,6,10,1E,C0,45,61,32,00,00,
4630710,000000FA,false,Rx,0,8,00,00,1E,10,22,1E,1E,00,
4638441,00000201,false,Rx,0,8,00,FE,FE,00,00,00,17,00,
4639462,00000101,false,Rx,0,8,00,00,00,00,00,00,03,00,
4640661,000000FA,false,Rx,0,8,00,00,1E,10,22,1E,1E,00,
4641682,000001BA,false,Rx,0,6,10,1E,C0,45,61,32,00,00,
4643867,00000102,false,Rx,0,3,00,00,00,00,00,00,00,00,
4645432,00000711,false,Rx,0,8,04,03,F1,FB,06,70,00,46,
4650625,000000FA,false,Rx,0,8,00,00,1E,10,22,1E,1E,00,
4658403,00000201,false,Rx,0,8,00,FE,FE,00,00,00,18,00,
4660684,000000FA,false,Rx,0,8,00,00,1E,10,22,1E,1E,00,
4661711,000001BA,false,Rx,0,6,10,1E,C0,45,61,32,00,00,
4666318,0000077A,false,Rx,0,8,76,0B,5D,20,1C,00,00,FF,
4667837,0000049A,false,Rx,0,7,00,BC,2E,0A,12,69,67,00,
4670752,000000FA,false,Rx,0,8,00,00,1E,10,22,1E,1E,00,
4678388,00000741,false,Rx,0,6,00,00,00,00,00,00,00,00,
4679582,00000201,false,Rx,0,8,00,FE,FE,00,00,00,19,00,
4679583,00000101,false,Rx,0,8,00,00,00,00,00,00,03,00,
4680619,000000FA,false,Rx,0,8,00,00,1E,10,22,1E,1E,00,
4681684,000001BA,false,Rx,0,6,10,1E,C0,45,61,32,00,00,
4684473,00000102,false,Rx,0,3,00,00,00,00,00,00,00,00,
4690646,000000FA,false,Rx,0,8,00,00,1E,10,22,1E,1E,00,
4695240,00000766,false,Rx,0,8,18,04,00,00,00,03,00,00,
4698463,00000201,false,Rx,0,8,00,FE,FE,00,00,00,1A,00,
4700643,000000FA,false,Rx,0,8,00,00,1E,10,22,1E,1E,00,
4701660,000001BA,false,Rx,0,6,10,1E,C0,45,61,32,00,00,
4710668,000000FA,false,Rx,0,8,00,00,1E,10,22,1E,1E,00,
4715104,00000386,false,Rx,0,6,02,DC,A1,86,A6,00,00,00,
4718498,00000201,false,Rx,0,8,00,FE,FE,00,00,00,1B,00,
4719504,00000101,false,Rx,0,8,00,00,00,00,00,00,03,00,
4720641,000000FA,false,Rx,0,8,00,00,1E,10,22,1E,1E,00,
4721659,000001BA,false,Rx,0,6,10,1E,C0,45,61,32,00,00,
4725511,00000102,false,Rx,0,3,00,00,00,00,00,00,00,00,
4730672,000000FA,false,Rx,0,8,00,00,1E,10,22,1E,1E,00,
4738489,00000201,false,Rx,0,8,00,FE,FE,00,00,00,1C,00,
4740670,000000FA,false,Rx,0,8,00,00,1E,10,22,1E,1E,00,
4741691,000001BA,false,Rx,0,6,10,1E,C0,45,61,32,00,00,
4750107,00000711,false,Rx,0,8,04,03,F1,FB,06,70,00,46,
4751122,000000FA,false,Rx,0,8,00,00,1E,10,22,1E,1E,00,
4758475,00000201,false,Rx,0,8,00,FE,FE,00,00,00,1D,00,
4759497,00000101,false,Rx,0,8,00,00,00,00,00,00,03,00,
4760679,000000FA,false,Rx,0,8,00,00,1E,10,22,1E,1E,00,
4761703,000001BA,false,Rx,0,6,10,1E,C0,45,61,32,00,00,
4766246,0000077A,false,Rx,0,8,76,0B,5D,20,1C,00,00,FF,
4767252,00000102,false,Rx,0,3,00,00,00,00,00,00,00,00,
4768250,0000049A,false,Rx,0,7,00,BC,2E,0A,12,69,67,00,
4770607,000000FA,false,Rx,0,8,00,00,1E,10,22,1E,1E,00,
4778389,00000741,false,Rx,0,6,00,00,00,00,00,00,00,00,
4779463,00000201,false,Rx,0,8,00,FE,FE,00,00,00,1E,00,
4780603,000000FA,false,Rx,0,8,00,00,1E,10,22,1E,1E,00,
4781627,000001BA,false,Rx,0,6,10,1E,C0,45,61,32,00,00,
4790662,000000FA,false,Rx,0,8,00,00,1E,10,22,1E,1E,00,
4795217,00000766,false,Rx,0,8,18,04,00,00,00,03,00,00,
4798441,00000201,false,Rx,0,8,00,FE,FE,00,00,00,1F,00,
4799458,00000101,false,Rx,0,8,00,00,00,00,00,00,03,00,
4800572,000000FA,false,Rx,0,8,00,00,1E,10,22,1E,1E,00,
4801560,000001BA,false,Rx,0,6,10,1E,C0,45,61,32,00,00,
4808227,00000102,false,Rx,0,3,00,00,00,00,00,00,00,00,
4810556,000000FA,false,Rx,0,8,00,00,1E,10,22,1E,1E,00,
4815130,00000386,false,Rx,0,6,02,DC,A1,86,A6,00,00,00,
4818469,00000201,false,Rx,0,8,00,FE,FE,00,00,00,20,00,
4820604,000000FA,false,Rx,0,8,00,00,1E,10,22,1E,1E,00,
4821625,000001BA,false,Rx,0,6,10,1E,C0,45,61,32,00,00,
4830600,000000FA,false,Rx,0,8,00,00,1E,10,22,1E,1E,00,
4838465,00000201,false,Rx,0,8,00,FE,FE,00,00,00,21,00,
4839448,00000101,false,Rx,0,8,00,00,00,00,00,00,03,00,
4840584,000000FA,false,Rx,0,8,00,00,1E,10,22,1E,1E,00,
4841591,000001BA,false,Rx,0,6,10,1E,C0,45,61,32,00,00,
4850512,000000FA,false,Rx,0,8,00,00,1E,10,22,1E,1E,00,
4851533,00000102,false,Rx,0,3,00,00,00,00,00,00,00,00,
4857021,00000711,false,Rx,0,8,04,03,F1,FB,06,70,00,46,
4858441,00000201,false,Rx,0,8,00,FE,FE,00,00,00,22,00,
4860581,000000FA,false,Rx,0,8,00,00,1E,10,22,1E,1E,00,
4861590,000001BA,false,Rx,0,6,10,1E,C0,45,61,32,00,00,
4866148,0000077A,false,Rx,0,8,76,0B,5D,20,1C,00,00,FF,
4867715,0000049A,false,Rx,0,7,00,BC,2E,0A,12,69,67,00,
4870563,000000FA,false,Rx,0,8,00,00,1E,10,22,1E,1E,00,
4878419,00000741,false,Rx,0,6,00,00,00,00,00,00,00,00,
4879399,00000201,false,Rx,0,8,00,FE,FE,00,00,00,23,00,
4879402,00000101,false,Rx,0,8,00,00,00,00,00,00,03,00,
4880548,000000FA,false,Rx,0,8,00,00,1E,10,22,1E,1E,00,
4881547,000001BA,false,Rx,0,6,10,1E,C0,45,61,32,00,00,
4889301,00000102,false,Rx,0,3,00,00,00,00,00,00,00,00,
4890533,000000FA,false,Rx,0,8,00,00,1E,10,22,1E,1E,00,
4895199,00000766,false,Rx,0,8,18,04,00,00,00,03,00,00,
4898409,00000201,false,Rx,0,8,00,FE,FE,00,00,00,24,00,
4900539,000000FA,false,Rx,0,8,00,00,1E,10,22,1E,1E,00,
4901553,000001BA,false,Rx,0,6,10,1E,C0,45,61,32,00,00,
4910573,000000FA,false,Rx,0,8,00,00,1E,10,22,1E,1E,00,
4915111,00000386,false,Rx,0,6,02,DC,A1,86,A6,00,00,00,
4918484,00000201,false,Rx,0,8,00,FE,FE,00,00,00,25,00,
4919472,00000101,false,Rx,0,8,00,00,00,00,00,00,03,00,
4920580,000000FA,false,Rx,0,8,00,00,1E,10,22,1E,1E,00,
4921572,000001BA,false,Rx,0,6,10,1E,C0,45,61,32,00,00,
4930483,000000FA,false,Rx,0,8,00,00,1E,10,22,1E,1E,00,
4931460,00000102,false,Rx,0,3,00,00,00,00,00,00,00,00,
4938431,00000201,false,Rx,0,8,00,FE,FE,00,00,00,26,00,
4940550,000000FA,false,Rx,0,8,00,00,1E,10,22,1E,1E,00,
4941569,000001BA,false,Rx,0,6,10,1E,C0,45,61,32,00,00,
4950487,000000FA,false,Rx,0,8,00,00,1E,10,22,1E,1E,00,
4958473,00000201,false,Rx,0,8,00,FE,FE,00,00,00,27,00,
4959462,00000101,false,Rx,0,8,00,00,00,00,00,00,03,00,
4960466,000000FA,false,Rx,0,8,00,00,1E,10,22,1E,1E,00,
4961530,000001BA,false,Rx,0,6,10,1E,C0,45,61,32,00,00,
4963476,00000711,false,Rx,0,8,04,03,F1,FB,06,70,00,46,
4966092,0000077A,false,Rx,0,8,76,0B,5D,20,1C,00,00,FF,
4967607,0000049A,false,Rx,0,7,00,BC,2E,0A,12,69,67,00,
4970517,000000FA,false,Rx,0,8,00,00,1E,10,22,1E,1E,00,
4971620,00000102,false,Rx,0,3,00,00,00,00,00,00,00,00,
4978371,00000741,false,Rx,0,6,00,00,00,00,00,00,00,00,
4979383,00000201,false,Rx,0,8,00,FE,FE,00,00,00,28,00,
4980501,000000FA,false,Rx,0,8,00,00,1E,10,22,1E,1E,00,
4981479,000001BA,false,Rx,0,6,10,1E,C0,45,61,32,00,00,
4990497,000000FA,false,Rx,0,8,00,00,1E,10,22,1E,1E,00,
4995180,00000766,false,Rx,0,8,18,04,00,00,00,03,00,00,
4998432,00000201,false,Rx,0,8,00,FE,FE,00,00,00,29,00,
4999447,00000101,false,Rx,0,8,00,00,00,00,00,00,03,00,
5000475,000000FA,false,Rx,0,8,00,00,1E,10,22,1E,1E,00,
5001469,000001BA,false,Rx,0,6,10,1E,C0,45,61,32,00,00,
5010466,000000FA,false,Rx,0,8,00,00,1E,10,22,1E,1E,00,
5012091,00000102,false,Rx,0,3,00,00,00,00,00,00,00,00,
5015082,00000386,false,Rx,0,6,02,DC,A1,86,A6,00,00,00,
5018421,00000201,false,Rx,0,8,00,FE,FE,00,00,00,2A,00,
5020452,000000FA,false,Rx,0,8,00,00,1E,10,22,1E,1E,00,
5021486,000001BA,false,Rx,0,6,10,1E,C0,45,61,32,00,00,
5030473,000000FA,false,Rx,0,8,00,00,1E,10,22,1E,1E,00,
5038454,00000201,false,Rx,0,8,00,FE,FE,00,00,00,2B,00,
5039466,00000101,false,Rx,0,8,00,00,00,00,00,00,03,00,
5040442,000000FA,false,Rx,0,8,00,00,1E,10,22,1E,1E,00,
5041505,000001BA,false,Rx,0,6,10,1E,C0,45,61,32,00,00,
5050439,000000FA,false,Rx,0,8,00,00,1E,10,22,1E,1E,00,
5053574,00000102,false,Rx,0,3,00,00,00,00,00,00,00,00,
5058415,00000201,false,Rx,0,8,00,FE,FE,00,00,00,2C,00,
5060436,000000FA,false,Rx,0,8,00,00,1E,10,22,1E,1E,00,
5061465,000001BA,false,Rx,0,6,10,1E,C0,45,61,32,00,00,
5066025,0000077A,false,Rx,0,8,76,0B,5D,20,1C,00,00,FF,
5067527,0000049A,false,Rx,0,7,00,BC,2E,0A,12,69,67,00,
5070491,000000FA,false,Rx,0,8,00,00,1E,10,22,1E,1E,00,
5072592,00000711,false,Rx,0,8,04,03,F1,FB,06,70,00,46,
5078368,00000741,false,Rx,0,6,00,00,00,00,00,00,00,00,
5079402,00000201,false,Rx,0,8,00,FE,FE,00,00,00,2D,00,
5079404,00000101,false,Rx,0,8,00,00,00,00,00,00,03,00,
5080436,000000FA,false,Rx,0,8,00,00,1E,10,22,1E,1E,00,
5081475,000001BA,false,Rx,0,6,10,1E,C0,45,61,32,00,00,
5090418,000000FA,false,Rx,0,8,00,00,1E,10,22,1E,1E,00,
5094170,00000102,false,Rx,0,3,00,00,00,00,00,00,00,00,
5095237,00000766,false,Rx,0,8,18,04,00,00,00,03,00,00,
5098409,00000201,false,Rx,0,8,00,FE,FE,00,00,00,2E,00,
5100415,000000FA,false,Rx,0,8,00,00,1E,10,22,1E,1E,00,
5101463,000001BA,false,Rx,0,6,10,1E,C0,45,61,32,00,00,
5110440,000000FA,false,Rx,0,8,00,00,1E,10,22,1E,1E,00,
5115079,00000386,false,Rx,0,6,02,DC,A1,86,A6,00,00,00,
5118432,00000201,false,Rx,0,8,00,FE,FE,00,00,00,2F,00,
5119452,00000101,false,Rx,0,8,00,00,00,00,00,00,03,00,
5120449,000000FA,false,Rx,0,8,00,00,1E,10,22,1E,1E,00,
5121451,000001BA,false,Rx,0,6,10,1E,C0,45,61,32,00,00,
5130427,000000FA,false,Rx,0,8,00,00,1E,10,22,1E,1E,00,
5135731,00000102,false,Rx,0,3,00,00,00,00,00,00,00,00,
5138428,00000201,false,Rx,0,8,00,FE,FE,00,00,00,30,00,
5140388,000000FA,false,Rx,0,8,00,00,1E,10,22,1E,1E,00,
5141422,000001BA,false,Rx,0,6,10,1E,C0,45,61,32,00,00,
5150446,000000FA,false,Rx,0,8,00,00,1E,10,22,1E,1E,00,
5158454,00000201,false,Rx,0,8,00,FE,FE,00,00,00,31,00,
5159451,00000101,false,Rx,0,8,00,00,00,00,00,00,03,00,
5160451,000000FA,false,Rx,0,8,00,00,1E,10,22,1E,1E,00,
5161457,000001BA,false,Rx,0,6,10,1E,C0,45,61,32,00,00,
5165945,0000077A,false,Rx,0,8,76,0B,5D,20,1C,00,00,FF,
5167453,0000049A,false,Rx,0,7,00,BC,2E,0A,12,69,67,00,
5170439,000000FA,false,Rx,0,8,00,00,1E,10,22,1E,1E,00,
5175852,00000102,false,Rx,0,3,00,00,00,00,00,00,00,00,
5177297,00000711,false,Rx,0,8,04,03,F1,FB,06,70,00,46,
5178377,00000741,false,Rx,0,6,00,00,00,00,00,00,00,00,
5179400,00000201,false,Rx,0,8,00,FE,FE,00,00,00,32,00,
5180411,000000FA,false,Rx,0,8,00,00,1E,10,22,1E,1E,00,
5181468,000001BA,false,Rx,0,6,10,1E,C0,45,61,32,00,00,
5190456,000000FA,false,Rx,0,8,00,00,1E,10,22,1E,1E,00,
5195165,00000766,false,Rx,0,8,18,04,00,00,00,03,00,00,
5198452,00000201,false,Rx,0,8,00,FE,FE,00,00,00,33,00,
5199463,00000101,false,Rx,0,8,00,00,00,00,00,00,03,00,
5200462,000000FA,false,Rx,0,8,00,00,1E,10,22,1E,1E,00,
5201462,000001BA,false,Rx,0,6,10,1E,C0,45,61,32,00,00,
5210362,000000FA,false,Rx,0,8,00,00,1E,10,22,1E,1E,00,
5215057,00000386,false,Rx,0,6,02,DC,A1,86,A6,00,00,00,
5217880,00000102,false,Rx,0,3,00,00,00,00,00,00,00,00,
5218890,00000201,false,Rx,0,8,00,FE,FE,00,00,00,34,00,
5220486,000000FA,false,Rx,0,8,00,00,1E,10,22,1E,1E,00,
5221390,000001BA,false,Rx,0,6,10,1E,C0,45,61,32,00,00,
5230395,000000FA,false,Rx,0,8,00,00,1E,10,22,1E,1E,00,
5238422,00000201,false,Rx,0,8,00,FE,FE,00,00,00,35,00,
5239412,00000101,false,Rx,0,8,00,00,00,00,00,00,03,00,
5240455,000000FA,false,Rx,0,8,00,00,1E,10,22,1E,1E,00,
5241450,000001BA,false,Rx,0,6,10,1E,C0,45,61,32,00,00,
5250320,000000FA,false,Rx,0,8,00,00,1E,10,22,1E,1E,00,
5257744,00000102,false,Rx,0,3,00,00,00,00,00,00,00,00,
5258749,00000201,false,Rx,0,8,00,FE,FE,00,00,00,36,00,
5260404,000000FA,false,Rx,0,8,00,00,1E,10,22,1E,1E,00,
5261403,000001BA,false,Rx,0,6,10,1E,C0,45,61,32,00,00,
5265970,0000077A,false,Rx,0,8,76,0B,5D,20,1C,00,00,FF,
5267493,0000049A,false,Rx,0,7,00,BC,2E,0A,12,69,67,00,
5270378,000000FA,false,Rx,0,8,00,00,1E,10,22,1E,1E,00,
5274527,000007D1,false,Rx,0,7,03,F1,FB,00,00,00,FF,00,
5278375,00000741,false,Rx,0,6,00,00,00,00,00,00,00,00,
5279402,00000201,false,Rx,0,8,00,FE,FE,00,00,00,37,00,
5279404,00000101,false,Rx,0,8,00,00,00,00,00,00,03,00,
5280407,000000FA,false,Rx,0,8,00,00,1E,10,22,1E,1E,00,
5281416,000001BA,false,Rx,0,6,10,1E,C0,45,61,32,00,00,
5283080,00000711,false,Rx,0,8,04,03,F1,FB,06,70,00,46,
5290381,000000FA,false,Rx,0,8,00,00,1E,10,22,1E,1E,00,
5295176,00000766,false,Rx,0,8,18,04,00,00,00,03,00,00,
5298403,00000201,false,Rx,0,8,00,FE,FE,00,00,00,38,00,
5299408,00000102,false,Rx,0,3,00,00,00,00,00,00,00,00,
5300424,000000FA,false,Rx,0,8,00,00,1E,10,22,1E,1E,00,
5301476,000001BA,false,Rx,0,6,10,1E,C0,45,61,32,00,00,
5310357,000000FA,false,Rx,0,8,00,00,1E,10,22,1E,1E,00,
5315041,00000386,false,Rx,0,6,02,DC,A1,86,A6,00,00,00,
5318410,00000201,false,Rx,0,8,00,FE,FE,00,00,00,39,00,
5319453,00000101,false,Rx,0,8,00,00,00,00,00,00,03,00,
5320432,000000FA,false,Rx,0,8,00,00,1E,10,22,1E,1E,00,
5321421,000001BA,false,Rx,0,6,10,1E,C0,45,61,32,00,00,
5330283,000000FA,false,Rx,0,8,00,00,1E,10,22,1E,1E,00,
5338375,00000201,false,Rx,0,8,00,FE,FE,00,00,00,3A,00,
5339751,00000102,false,Rx,0,3,00,00,00,00,00,00,00,00,
5340766,000000FA,false,Rx,0,8,00,00,1E,10,22,1E,1E,00,
5340768,000001BA,false,Rx,0,6,10,1E,C0,45,61,32,00,00,
5350310,000000FA,false,Rx,0,8,00,00,1E,10,22,1E,1E,00,
5358448,00000201,false,Rx,0,8,00,FE,FE,00,00,00,3B,00,
5359434,00000101,false,Rx,0,8,00,00,00,00,00,00,03,00,
5360449,000000FA,false,Rx,0,8,00,00,1E,10,22,1E,1E,00,
5361481,000001BA,false,Rx,0,6,10,1E,C0,45,61,32,00,00,
5365852,0000077A,false,Rx,0,8,76,0B,5D,20,1C,00,00,FF,
5367394,0000049A,false,Rx,0,7,00,BC,2E,0A,12,69,67,00,
5370294,000000FA,false,Rx,0,8,00,00,1E,10,22,1E,1E,00,
5378378,00000741,false,Rx,0,6,00,00,00,00,00,00,00,00,
5379388,00000201,false,Rx,0,8,00,FE,FE,00,00,00,3C,00,
5380363,000000FA,false,Rx,0,8,00,00,1E,10,22,1E,1E,00,
5381399,000001BA,false,Rx,0,6,10,1E,C0,45,61,32,00,00,
5381401,00000102,false,Rx,0,3,00,00,00,00,00,00,00,00,
5389210,00000711,false,Rx,0,8,04,03,F1,FB,06,70,00,46,
5390307,000000FA,false,Rx,0,8,00,00,1E,10,22,1E,1E,00,
5395140,00000766,false,Rx,0,8,18,04,00,00,00,03,00,00,
5398411,00000201,false,Rx,0,8,00,FE,FE,00,00,00,3D,00,
5399436,00000101,false,Rx,0,8,00,00,00,00,00,00,03,00,
5400424,000000FA,false,Rx,0,8,00,00,1E,10,22,1E,1E,00,
5401463,000001BA,false,Rx,0,6,10,1E,C0,45,61,32,00,00,
5410214,000000FA,false,Rx,0,8,00,00,1E,10,22,1E,1E,00,
5415052,00000386,false,Rx,0,6,02,DC,A1,86,A6,00,00,00,
5418414,00000201,false,Rx,0,8,00,FE,FE,00,00,00,3E,00,
5420266,000000FA,false,Rx,0,8,00,00,1E,10,22,1E,1E,00,
5421283,000001BA,false,Rx,0,6,10,1E,C0,45,61,32,00,00,
5422311,00000102,false,Rx,0,3,00,00,00,00,00,00,00,00,
5430265,000000FA,false,Rx,0,8,00,00,1E,10,22,1E,1E,00,
5438407,00000201,false,Rx,0,8,00,FE,FE,00,00,00,3F,00,
5439411,00000101,false,Rx,0,8,00,00,00,00,00,00,03,00,
5440409,000000FA,false,Rx,0,8,00,00,1E,10,22,1E,1E,00,
5441445,000001BA,false,Rx,0,6,10,1E,C0,45,61,32,00,00,
5450236,000000FA,false,Rx,0,8,00,00,1E,10,22,1E,1E,00,
5458421,00000201,false,Rx,0,8,00,FE,FE,00,00,00,40,00,
5460350,000000FA,false,Rx,0,8,00,00,1E,10,22,1E,1E,00,
5461381,000001BA,false,Rx,0,6,10,1E,C0,45,61,32,00,00,
5462810,00000102,false,Rx,0,3,00,00,00,00,00,00,00,00,
5465934,0000077A,false,Rx,0,8,76,0B,5D,20,1C,00,00,FF,
5467443,0000049A,false,Rx,0,7,00,BC,2E,0A,12,69,67,00,
5470266,000000FA,false,Rx,0,8,00,00,1E,10,22,1E,1E,00,
5478371,00000741,false,Rx,0,6,00,00,00,00,00,00,00,00,
5479386,00000201,false,Rx,0,8,00,FE,FE,00,00,00,41,00,
5479388,00000101,false,Rx,0,8,00,00,00,00,00,00,03,00,
5480395,000000FA,false,Rx,0,8,00,00,1E,10,22,1E,1E,00,
5481375,000001BA,false,Rx,0,6,10,1E,C0,45,61,32,00,00,
5490203,000000FA,false,Rx,0,8,00,00,1E,10,22,1E,1E,00,
5495149,00000766,false,Rx,0,8,18,04,00,00,00,03,00,00,
5496165,00000711,false,Rx,0,8,04,03,F1,FB,06,70,00,46,
5497355,000007DF,false,Rx,0,8,02,01,0D,AA,AA,AA,AA,AA,
5498401,00000201,false,Rx,0,8,00,FE,FE,00,00,00,42,00,
5500227,000000FA,false,Rx,0,8,00,00,1E,10,22,1E,1E,00,
5501225,000007E8,false,Rx,0,8,03,41,0D,00,00,00,00,00,
5501226,000001BA,false,Rx,0,6,10,1E,C0,45,61,32,00,00,
5503600,00000102,false,Rx,0,3,00,00,00,00,00,00,00,00,
5510238,000000FA,false,Rx,0,8,00,00,1E,10,22,1E,1E,00,
5514971,00000386,false,Rx,0,6,02,DC,A1,86,A6,00,00,00,
5518423,00000201,false,Rx,0,8,00,FE,FE,00,00,00,43,00,
5519401,00000101,false,Rx,0,8,00,00,00,00,00,00,03,00,
5520381,000000FA,false,Rx,0,8,00,00,1E,10,22,1E,1E,00,
5521438,000001BA,false,Rx,0,6,10,1E,C0,45,61,32,00,00,
5525958,000007DF,false,Rx,0,8,02,01,0C,AA,AA,AA,AA,AA,
5530127,000000FA,false,Rx,0,8,00,00,1E,10,22,1E,1E,00,
5531160,000007E8,false,Rx,0,8,04,41,0C,00,00,00,00,00,
5538337,00000201,false,Rx,0,8,00,FE,FE,00,00,00,44,00,
5540159,000000FA,false,Rx,0,8,00,00,1E,10,22,1E,1E,00,
5541179,000001BA,false,Rx,0,6,10,1E,C0,45,61,32,00,00,
5544913,00000102,false,Rx,0,3,00,00,00,00,00,00,00,00,
5550159,000000FA,false,Rx,0,8,00,00,1E,10,22,1E,1E,00,
5554199,000007DF,false,Rx,0,8,02,01,01,AA,AA,AA,AA,AA,
5558338,00000201,false,Rx,0,8,00,FE,FE,00,00,00,45,00,
5559359,00000101,false,Rx,0,8,00,00,00,00,00,00,03,00,
5560358,000000FA,false,Rx,0,8,00,00,1E,10,22,1E,1E,00,
5561417,000007E8,false,Rx,0,8,06,41,01,00,06,80,00,00,
5561418,000001BA,false,Rx,0,6,10,1E,C0,45,61,32,00,00,
5565873,0000077A,false,Rx,0,8,76,0B,5D,20,1C,00,00,FF,
5567301,0000049A,false,Rx,0,7,00,BC,2E,0A,12,69,67,00,
5570322,000000FA,false,Rx,0,8,00,00,1E,10,22,1E,1E,00,
5578275,00000741,false,Rx,0,6,00,00,00,00,00,00,00,00,
5579286,00000201,false,Rx,0,8,00,FE,FE,00,00,00,46,00,
5580272,000000FA,false,Rx,0,8,00,00,1E,10,22,1E,1E,00,
5581306,000001BA,false,Rx,0,6,10,1E,C0,45,61,32,00,00,
5587076,00000102,false,Rx,0,3,00,00,00,00,00,00,00,00,
5590128,000000FA,false,Rx,0,8,00,00,1E,10,22,1E,1E,00,
5595135,00000766,false,Rx,0,8,18,04,00,00,00,03,00,00,
5596138,0000069F,false,Rx,0,4,89,55,10,0F,00,00,00,00,
5598386,00000201,false,Rx,0,8,00,FE,FE,00,00,00,47,00,
5599378,00000101,false,Rx,0,8,00,00,00,00,00,00,03,00,
5600420,000000FA,false,Rx,0,8,00,00,1E,10,22,1E,1E,00,
5601454,000001BA,false,Rx,0,6,10,1E,C0,45,61,32,00,00,
5605696,00000711,false,Rx,0,8,04,03,F1,FB,06,70,00,46,
5610135,000000FA,false,Rx,0,8,00,00,1E,10,22,1E,1E,00,
5615003,00000386,false,Rx,0,6,02,DC,A1,86,A6,00,00,00,
5618303,00000201,false,Rx,0,8,00,FE,FE,00,00,00,48,00,
5620128,000000FA,false,Rx,0,8,00,00,1E,10,22,1E,1E,00,
5621181,000001BA,false,Rx,0,6,10,1E,C0,45,61,32,00,00,
5626865,00000102,false,Rx,0,3,00,00,00,00,00,00,00,00,
5630147,000000FA,false,Rx,0,8,00,00,1E,10,22,1E,1E,00,
5638391,00000201,false,Rx,0,8,00,FE,FE,00,00,00,49,00,
5639404,00000101,false,Rx,0,8,00,00,00,00,00,00,03,00,
5640414,000000FA,false,Rx,0,8,00,00,1E,10,22,1E,1E,00,
5641396,000001BA,false,Rx,0,6,10,1E,C0,45,61,32,00,00,
5650061,000000FA,false,Rx,0,8,00,00,1E,10,22,1E,1E,00,
5658367,00000201,false,Rx,0,8,00,FE,FE,00,00,00,4A,00,
5660162,000000FA,false,Rx,0,8,00,00,1E,10,22,1E,1E,00,
5661142,000001BA,false,Rx,0,6,10,1E,C0,45,61,32,00,00,
5665760,0000077A,false,Rx,0,8,76,0B,5D,20,1C,00,00,FF,
5667291,0000049A,false,Rx,0,7,00,BC,2E,0A,12,69,67,00,
5669035,00000102,false,Rx,0,3,00,00,00,00,00,00,00,00,
5670141,000000FA,false,Rx,0,8,00,00,1E,10,22,1E,1E,00,
5678331,00000741,false,Rx,0,6,00,00,00,00,00,00,00,00,
5679356,00000201,false,Rx,0,8,00,FE,FE,00,00,00,4B,00,
5679357,00000101,false,Rx,0,8,00,00,00,00,00,00,03,00,
5680358,000000FA,false,Rx,0,8,00,00,1E,10,22,1E,1E,00,
5681382,000001BA,false,Rx,0,6,10,1E,C0,45,61,32,00,00,
5690090,000000FA,false,Rx,0,8,00,00,1E,10,22,1E,1E,00,
5695130,00000766,false,Rx,0,8,18,04,00,00,00,03,00,00,
5698306,00000201,false,Rx,0,8,00,FE,FE,00,00,00,4C,00,
5700100,000000FA,false,Rx,0,8,00,00,1E,10,22,1E,1E,00,
5701129,000001BA,false,Rx,0,6,10,1E,C0,45,61,32,00,00,
5708531,00000102,false,Rx,0,3,00,00,00,00,00,00,00,00,
5710083,00000711,false,Rx,0,8,04,03,F1,FB,06,70,00,46,
5711092,000000FA,false,Rx,0,8,00,00,1E,10,22,1E,1E,00,
5714982,00000386,false,Rx,0,6,02,DC,A1,86,A6,00,00,00,
5718350,00000201,false,Rx,0,8,00,FE,FE,00,00,00,4D,00,
5719354,00000101,false,Rx,0,8,00,00,00,00,00,00,03,00,
5720403,000000FA,false,Rx,0,8,00,00,1E,10,22,1E,1E,00,
5721409,000001BA,false,Rx,0,6,10,1E,C0,45,61,32,00,00,
5730058,000000FA,false,Rx,0,8,00,00,1E,10,22,1E,1E,00,
5738329,00000201,false,Rx,0,8,00,FE,FE,00,00,00,4E,00,
5740085,000000FA,false,Rx,0,8,00,00,1E,10,22,1E,1E,00,
5741121,000001BA,false,Rx,0,6,10,1E,C0,45,61,32,00,00,
5750045,000000FA,false,Rx,0,8,00,00,1E,10,22,1E,1E,00,
5751097,00000102,false,Rx,0,3,00,00,00,00,00,00,00,00,
5758374,00000201,false,Rx,0,8,00,FE,FE,00,00,00,4F,00,
5759389,00000101,false,Rx,0,8,00,00,00,00,00,00,03,00,
5760405,000000FA,false,Rx,0,8,00,00,1E,10,22,1E,1E,00,
5761404,000001BA,false,Rx,0,6,10,1E,C0,45,61,32,00,00,
5765653,0000077A,false,Rx,0,8,76,0B,5D,20,1C,00,00,FF,
5767158,0000049A,false,Rx,0,7,00,BC,2E,0A,12,69,67,00,
5770055,000000FA,false,Rx,0,8,00,00,1E,10,22,1E,1E,00,
5778292,00000741,false,Rx,0,6,00,00,00,00,00,00,00,00,
5779280,00000201,false,Rx,0,8,00,FE,FE,00,00,00,50,00,
5780324,000000FA,false,Rx,0,8,00,00,1E,10,22,1E,1E,00,
5781328,000001BA,false,Rx,0,6,10,1E,C0,45,61,32,00,00,
5790088,000000FA,false,Rx,0,8,00,00,1E,10,22,1E,1E,00,
5793155,00000102,false,Rx,0,3,00,00,00,00,00,00,00,00,
5795123,00000766,false,Rx,0,8,18,04,00,00,00,03,00,00,
5798413,00000201,false,Rx,0,8,00,FE,FE,00,00,00,51,00,
5799418,00000101,false,Rx,0,8,00,00,00,00,00,00,03,00,
5800453,000000FA,false,Rx,0,8,00,00,1E,10,22,1E,1E,00,
5801366,000001BA,false,Rx,0,6,10,1E,C0,45,61,32,00,00,
5810013,000000FA,false,Rx,0,8,00,00,1E,10,22,1E,1E,00,
5815056,00000711,false,Rx,0,8,04,03,F1,FB,06,70,00,46,
5816078,00000386,false,Rx,0,6,02,DC,A1,86,A6,00,00,00,
5818347,00000201,false,Rx,0,8,00,FE,FE,00,00,00,52,00,
5820034,000000FA,false,Rx,0,8,00,00,1E,10,22,1E,1E,00,
5821050,000001BA,false,Rx,0,6,10,1E,C0,45,61,32,00,00,
5830068,000000FA,false,Rx,0,8,00,00,1E,10,22,1E,1E,00,
5832396,00000102,false,Rx,0,3,00,00,00,00,00,00,00,00,
5838399,00000201,false,Rx,0,8,00,FE,FE,00,00,00,53,00,
5839407,00000101,false,Rx,0,8,00,00,00,00,00,00,03,00,
5840410,000000FA,false,Rx,0,8,00,00,1E,10,22,1E,1E,00,
5841418,000001BA,false,Rx,0,6,10,1E,C0,45,61,32,00,00,
5850002,000000FA,false,Rx,0,8,00,00,1E,10,22,1E,1E,00,
5858335,00000201,false,Rx,0,8,00,FE,FE,00,00,00,54,00,
5860031,000000FA,false,Rx,0,8,00,00,1E,10,22,1E,1E,00,
5861049,000001BA,false,Rx,0,6,10,1E,C0,45,61,32,00,00,
5865635,0000077A,false,Rx,0,8,76,0B,5D,20,1C,00,00,FF,
5867123,0000049A,false,Rx,0,7,00,BC,2E,0A,12,69,67,00,
5870066,000000FA,false,Rx,0,8,00,00,1E,10,22,1E,1E,00,
5872581,00000102,false,Rx,0,3,00,00,00,00,00,00,00,00,
5878313,00000741,false,Rx,0,6,00,00,00,00,00,00,00,00,
5879322,00000201,false,Rx,0,8,00,FE,FE,00,00,00,55,00,
5879323,00000101,false,Rx,0,8,00,00,00,00,00,00,03,00,
5880349,000000FA,false,Rx,0,8,00,00,1E,10,22,1E,1E,00,
5881349,000001BA,false,Rx,0,6,10,1E,C0,45,61,32,00,00,
5889999,000000FA,false,Rx,0,8,00,00,1E,10,22,1E,1E,00,
5895076,00000766,false,Rx,0,8,18,04,00,00,00,03,00,00,
5898334,00000201,false,Rx,0,8,00,FE,FE,00,00,00,56,00,
5900003,000000FA,false,Rx,0,8,00,00,1E,10,22,1E,1E,00,
5900980,000001BA,false,Rx,0,6,10,1E,C0,45,61,32,00,00,
5910008,000000FA,false,Rx,0,8,00,00,1E,10,22,1E,1E,00,
5913623,00000102,false,Rx,0,3,00,00,00,00,00,00,00,00,
5914970,00000386,false,Rx,0,6,02,DC,A1,86,A6,00,00,00,
5918376,00000201,false,Rx,0,8,00,FE,FE,00,00,00,57,00,
5919379,00000101,false,Rx,0,8,00,00,00,00,00,00,03,00,
5920413,000000FA,false,Rx,0,8,00,00,1E,10,22,1E,1E,00,
5920414,000001BA,false,Rx,0,6,10,1E,C0,45,61,32,00,00,
5921952,00000711,false,Rx,0,8,04,03,F1,FB,06,70,00,46,
5929960,000000FA,false,Rx,0,8,00,00,1E,10,22,1E,1E,00,
5938332,00000201,false,Rx,0,8,00,FE,FE,00,00,00,58,00,
5939971,000000FA,false,Rx,0,8,00,00,1E,10,22,1E,1E,00,
5940997,000001BA,false,Rx,0,6,10,1E,C0,45,61,32,00,00,
5949983,000000FA,false,Rx,0,8,00,00,1E,10,22,1E,1E,00,
5954721,00000102,false,Rx,0,3,00,00,00,00,00,00,00,00,
5958301,00000201,false,Rx,0,8,00,FE,FE,00,00,00,59,00,
5959340,00000101,false,Rx,0,8,00,00,00,00,00,00,03,00,
5960394,000000FA,false,Rx,0,8,00,00,1E,10,22,1E,1E,00,
5961376,000001BA,false,Rx,0,6,10,1E,C0,45,61,32,00,00,
5965539,0000077A,false,Rx,0,8,76,0B,5D,20,1C,00,00,FF,
5967039,0000049A,false,Rx,0,7,00,BC,2E,0A,12,69,67,00,
5969948,000000FA,false,Rx,0,8,00,00,1E,10,22,1E,1E,00,
5978250,00000741,false,Rx,0,6,00,00,00,00,00,00,00,00,
5979255,00000201,false,Rx,0,8,00,FE,FE,00,00,00,5A,00,
5980285,000000FA,false,Rx,0,8,00,00,1E,10,22,1E,1E,00,
5981279,000001BA,false,Rx,0,6,10,1E,C0,45,61,32,00,00,
5989945,000000FA,false,Rx,0,8,00,00,1E,10,22,1E,1E,00,
5995075,00000766,false,Rx,0,8,18,04,00,00,00,03,00,00,
5996095,00000102,false,Rx,0,3,00,00,00,00,00,00,00,00,
5998380,00000201,false,Rx,0,8,00,FE,FE,00,00,00,5B,00,
5999376,00000101,false,Rx,0,8,00,00,00,00,00,00,03,00,
6000429,000000FA,false,Rx,0,8,00,00,1E,10,22,1E,1E,00,
6000431,000001BA,false,Rx,0,6,10,1E,C0,45,61,32,00,00,
6009952,000000FA,false,Rx,0,8,00,00,1E,10,22,1E,1E,00,
6015013,00000386,false,Rx,0,6,02,DC,A1,86,A6,00,00,00,
6018354,00000201,false,Rx,0,8,00,FE,FE,00,00,00,5C,00,
6019970,000000FA,false,Rx,0,8,00,00,1E,10,22,1E,1E,00,
6020997,000001BA,false,Rx,0,6,10,1E,C0,45,61,32,00,00,
6028489,00000711,false,Rx,0,8,04,03,F1,FB,06,70,00,46,
6029919,000000FA,false,Rx,0,8,00,00,1E,10,22,1E,1E,00,
6036100,00000102,false,Rx,0,3,00,00,00,00,00,00,00,00,
6038357,00000201,false,Rx,0,8,00,FE,FE,00,00,00,5D,00,
6039359,00000101,false,Rx,0,8,00,00,00,00,00,00,03,00,
6040380,000000FA,false,Rx,0,8,00,00,1E,10,22,1E,1E,00,
6040386,000001BA,false,Rx,0,6,10,1E,C0,45,61,32,00,00,
6049898,000000FA,false,Rx,0,8,00,00,1E,10,22,1E,1E,00,
6058394,00000201,false,Rx,0,8,00,FE,FE,00,00,00,5E,00,
6059922,000000FA,false,Rx,0,8,00,00,1E,10,22,1E,1E,00,
6060948,000001BA,false,Rx,0,6,10,1E,C0,45,61,32,00,00,
6065522,0000077A,false,Rx,0,8,76,0B,5D,20,1C,00,00,FF,
6067050,0000049A,false,Rx,0,7,00,BC,2E,0A,12,69,67,00,
6069973,000000FA,false,Rx,0,8,00,00,1E,10,22,1E,1E,00,
6078262,00000741,false,Rx,0,6,00,00,00,00,00,00,00,00,
6079244,00000201,false,Rx,0,8,00,FE,FE,00,00,00,5F,00,
6079245,00000101,false,Rx,0,8,00,00,00,00,00,00,03,00,
6080285,000000FA,false,Rx,0,8,00,00,1E,10,22,1E,1E,00,
6080287,00000102,false,Rx,0,3,00,00,00,00,00,00,00,00,
6081287,000001BA,false,Rx,0,6,10,1E,C0,45,61,32,00,00,
6089892,000000FA,false,Rx,0,8,00,00,1E,10,22,1E,1E,00,
6095081,00000766,false,Rx,0,8,18,04,00,00,00,03,00,00,
6098291,00000201,false,Rx,0,8,00,FE,FE,00,00,00,60,00,
6099879,000000FA,false,Rx,0,8,00,00,1E,10,22,1E,1E,00,
6100911,000001BA,false,Rx,0,6,10,1E,C0,45,61,32,00,00,
6109875,000000FA,false,Rx,0,8,00,00,1E,10,22,1E,1E,00,
6114962,00000386,false,Rx,0,6,02,DC,A1,86,A6,00,00,00,
6118063,00000102,false,Rx,0,3,00,00,00,00,00,00,00,00,
6119010,00000201,false,Rx,0,8,00,FE,FE,00,00,00,61,00,
6119012,00000101,false,Rx,0,8,00,00,00,00,00,00,03,00,
6120072,000000FA,false,Rx,0,8,00,00,1E,10,22,1E,1E,00,
6121076,000001BA,false,Rx,0,6,10,1E,C0,45,61,32,00,00,
6129815,000000FA,false,Rx,0,8,00,00,1E,10,22,1E,1E,00,
6137257,00000711,false,Rx,0,8,04,03,F1,FB,06,70,00,46,
6138301,00000201,false,Rx,0,8,00,FE,FE,00,00,00,62,00,
6139906,000000FA,false,Rx,0,8,00,00,1E,10,22,1E,1E,00,
6140928,000001BA,false,Rx,0,6,10,1E,C0,45,61,32,00,00,
6149867,000000FA,false,Rx,0,8,00,00,1E,10,22,1E,1E,00,
6158283,00000201,false,Rx,0,8,00,FE,FE,00,00,00,63,00,
6159349,00000101,false,Rx,0,8,00,00,00,00,00,00,03,00,
6159350,00000102,false,Rx,0,3,00,00,00,00,00,00,00,00,
6160337,000000FA,false,Rx,0,8,00,00,1E,10,22,1E,1E,00,
6160338,000001BA,false,Rx,0,6,10,1E,C0,45,61,32,00,00,
6165443,0000077A,false,Rx,0,8,76,0B,5D,20,1C,00,00,FF,
6166917,0000049A,false,Rx,0,7,00,BC,2E,0A,12,69,67,00,
6169856,000000FA,false,Rx,0,8,00,00,1E,10,22,1E,1E,00,
6178249,00000741,false,Rx,0,6,00,00,00,00,00,00,00,00,
6179247,00000201,false,Rx,0,8,00,FE,FE,00,00,00,64,00,
6180244,000000FA,false,Rx,0,8,00,00,1E,10,22,1E,1E,00,
6180246,000001BA,false,Rx,0,6,10,1E,C0,45,61,32,00,00,
6189879,000000FA,false,Rx,0,8,00,00,1E,10,22,1E,1E,00,
6195084,00000766,false,Rx,0,8,18,04,00,00,00,03,00,00,
6198308,00000201,false,Rx,0,8,00,FE,FE,00,00,00,65,00,
6199328,00000101,false,Rx,0,8,00,00,00,00,00,00,03,00,
6200348,000000FA,false,Rx,0,8,00,00,1E,10,22,1E,1E,00,
6200349,000001BA,false,Rx,0,6,10,1E,C0,45,61,32,00,00,
6208082,00000102,false,Rx,0,3,00,00,00,00,00,00,00,00,
6209809,000000FA,false,Rx,0,8,00,00,1E,10,22,1E,1E,00,
6214958,00000386,false,Rx,0,6,02,DC,A1,86,A6,00,00,00,
6218326,00000201,false,Rx,0,8,00,FE,FE,00,00,00,66,00,
6219835,000000FA,false,Rx,0,8,00,00,1E,10,22,1E,1E,00,
6220849,000001BA,false,Rx,0,6,10,1E,C0,45,61,32,00,00,
6229834,000000FA,false,Rx,0,8,00,00,1E,10,22,1E,1E,00,
6238340,00000201,false,Rx,0,8,00,FE,FE,00,00,00,67,00,
6239389,00000101,false,Rx,0,8,00,00,00,00,00,00,03,00,
6240376,000000FA,false,Rx,0,8,00,00,1E,10,22,1E,1E,00,
6240378,000001BA,false,Rx,0,6,10,1E,C0,45,61,32,00,00,
6241423,00000711,false,Rx,0,8,04,03,F1,FB,06,70,00,46,
6249453,00000102,false,Rx,0,3,00,00,00,00,00,00,00,00,
6250511,000000FA,false,Rx,0,8,00,00,1E,10,22,1E,1E,00,
6258291,00000201,false,Rx,0,8,00,FE,FE,00,00,00,68,00,
6259827,000000FA,false,Rx,0,8,00,00,1E,10,22,1E,1E,00,
6260807,000001BA,false,Rx,0,6,10,1E,C0,45,61,32,00,00,
6265400,0000077A,false,Rx,0,8,76,0B,5D,20,1C,00,00,FF,
6266920,0000049A,false,Rx,0,7,00,BC,2E,0A,12,69,67,00,
6269832,000000FA,false,Rx,0,8,00,00,1E,10,22,1E,1E,00,
6278229,00000741,false,Rx,0,6,00,00,00,00,00,00,00,00,
6279293,00000201,false,Rx,0,8,00,FE,FE,00,00,00,69,00,
6279296,00000101,false,Rx,0,8,00,00,00,00,00,00,03,00,
6280281,000000FA,false,Rx,0,8,00,00,1E,10,22,1E,1E,00,
6280284,000001BA,false,Rx,0,6,10,1E,C0,45,61,32,00,00,
6289766,000000FA,false,Rx,0,8,00,00,1E,10,22,1E,1E,00,
6290783,00000102,false,Rx,0,3,00,00,00,00,00,00,00,00,
6295032,00000766,false,Rx,0,8,18,04,00,00,00,03,00,00,
6298288,00000201,false,Rx,0,8,00,FE,FE,00,00,00,6A,00,
6299792,000000FA,false,Rx,0,8,00,00,1E,10,22,1E,1E,00,
6300768,000001BA,false,Rx,0,6,10,1E,C0,45,61,32,00,00,
6309785,000000FA,false,Rx,0,8,00,00,1E,10,22,1E,1E,00,
6314941,00000386,false,Rx,0,6,02,DC,A1,86,A6,00,00,00,
6318351,00000201,false,Rx,0,8,00,FE,FE,00,00,00,6B,00,
6319376,00000101,false,Rx,0,8,00,00,00,00,00,00,03,00,
6320376,000000FA,false,Rx,0,8,00,00,1E,10,22,1E,1E,00,
6320378,000001BA,false,Rx,0,6,10,1E,C0,45,61,32,00,00,
6329717,000000FA,false,Rx,0,8,00,00,1E,10,22,1E,1E,00,
6331025,00000102,false,Rx,0,3,00,00,00,00,00,00,00,00,
6338282,00000201,false,Rx,0,8,00,FE,FE,00,00,00,6C,00,
6339787,000000FA,false,Rx,0,8,00,00,1E,10,22,1E,1E,00,
6340807,000001BA,false,Rx,0,6,10,1E,C0,45,61,32,00,00,
6347846,00000711,false,Rx,0,8,04,03,F1,FB,06,70,00,46,
6349769,000000FA,false,Rx,0,8,00,00,1E,10,22,1E,1E,00,
6358319,00000201,false,Rx,0,8,00,FE,FE,00,00,00,6D,00,
6359284,00000101,false,Rx,0,8,00,00,00,00,00,00,03,00,
6360341,000000FA,false,Rx,0,8,00,00,1E,10,22,1E,1E,00,
6360342,000001BA,false,Rx,0,6,10,1E,C0,45,61,32,00,00,
6365342,0000077A,false,Rx,0,8,76,0B,5D,20,1C,00,00,FF,
6366846,0000049A,false,Rx,0,7,00,BC,2E,0A,12,69,67,00,
6369756,000000FA,false,Rx,0,8,00,00,1E,10,22,1E,1E,00,
6372259,00000102,false,Rx,0,3,00,00,00,00,00,00,00,00,
6378224,00000741,false,Rx,0,6,00,00,00,00,00,00,00,00,
6379249,00000201,false,Rx,0,8,00,FE,FE,00,00,00,6E,00,
6380250,000000FA,false,Rx,0,8,00,00,1E,10,22,1E,1E,00,
6380251,000001BA,false,Rx,0,6,10,1E,C0,45,61,32,00,00,
6389766,000000FA,false,Rx,0,8,00,00,1E,10,22,1E,1E,00,
6395057,00000766,false,Rx,0,8,18,04,00,00,00,03,00,00,
6398314,00000201,false,Rx,0,8,00,FE,FE,00,00,00,6F,00,
6399305,00000101,false,Rx,0,8,00,00,00,00,00,00,03,00,
6400329,000000FA,false,Rx,0,8,00,00,1E,10,22,1E,1E,00,
6400331,000001BA,false,Rx,0,6,10,1E,C0,45,61,32,00,00,
6409701,000000FA,false,Rx,0,8,00,00,1E,10,22,1E,1E,00,
6413750,00000102,false,Rx,0,3,00,00,00,00,00,00,00,00,
6414964,00000386,false,Rx,0,6,02,DC,A1,86,A6,00,00,00,
6418269,00000201,false,Rx,0,8,00,FE,FE,00,00,00,70,00,
6419718,000000FA,false,Rx,0,8,00,00,1E,10,22,1E,1E,00,
6420747,000001BA,false,Rx,0,6,10,1E,C0,45,61,32,00,00,
6429756,000000FA,false,Rx,0,8,00,00,1E,10,22,1E,1E,00,
6438350,00000201,false,Rx,0,8,00,FE,FE,00,00,00,71,00,
6439336,00000101,false,Rx,0,8,00,00,00,00,00,00,03,00,
6440381,000000FA,false,Rx,0,8,00,00,1E,10,22,1E,1E,00,
6440384,000001BA,false,Rx,0,6,10,1E,C0,45,61,32,00,00,
6449683,000000FA,false,Rx,0,8,00,00,1E,10,22,1E,1E,00,
6454899,00000102,false,Rx,0,3,00,00,00,00,00,00,00,00,
6456450,00000711,false,Rx,0,8,04,03,F1,FB,06,70,00,46,
6458287,00000201,false,Rx,0,8,00,FE,FE,00,00,00,72,00,
6459723,000000FA,false,Rx,0,8,00,00,1E,10,22,1E,1E,00,
6460750,000001BA,false,Rx,0,6,10,1E,C0,45,61,32,00,00,
6465305,0000077A,false,Rx,0,8,76,0B,5D,20,1C,00,00,FF,
6466885,0000049A,false,Rx,0,7,00,BC,2E,0A,12,69,67,00,
6469731,000000FA,false,Rx,0,8,00,00,1E,10,22,1E,1E,00,
6478280,00000741,false,Rx,0,6,00,00,00,00,00,00,00,00,
6479282,00000201,false,Rx,0,8,00,FE,FE,00,00,00,73,00,
6479283,00000101,false,Rx,0,8,00,00,00,00,00,00,03,00,
6480280,000000FA,false,Rx,0,8,00,00,1E,10,22,1E,1E,00,
6480281,000001BA,false,Rx,0,6,10,1E,C0,45,61,32,00,00,
6489061,000007DF,false,Rx,0,8,02,01,0D,AA,AA,AA,AA,AA,
6490034,000000FA,false,Rx,0,8,00,00,1E,10,22,1E,1E,00,
6491031,000007E8,false,Rx,0,8,03,41,0D,00,00,00,00,00,
6495028,00000766,false,Rx,0,8,18,04,00,00,00,03,00,00,
6496058,00000102,false,Rx,0,3,00,00,00,00,00,00,00,00,
6498270,00000201,false,Rx,0,8,00,FE,FE,00,00,00,74,00,
6499708,000000FA,false,Rx,0,8,00,00,1E,10,22,1E,1E,00,
6500702,000001BA,false,Rx,0,6,10,1E,C0,45,61,32,00,00,
6509709,000000FA,false,Rx,0,8,00,00,1E,10,22,1E,1E,00,
6514984,00000386,false,Rx,0,6,02,DC,A1,86,A6,00,00,00,
6517625,000007DF,false,Rx,0,8,02,01,0C,AA,AA,AA,AA,AA,
6518635,00000201,false,Rx,0,8,00,FE,FE,00,00,00,75,00,
6519660,00000101,false,Rx,0,8,00,00,00,00,00,00,03,00,
6520653,000000FA,false,Rx,0,8,00,00,1E,10,22,1E,1E,00,
6520654,000007E8,false,Rx,0,8,04,41,0C,00,00,00,00,00,
6520655,000001BA,false,Rx,0,6,10,1E,C0,45,61,32,00,00,
6529601,000000FA,false,Rx,0,8,00,00,1E,10,22,1E,1E,00,
6536763,00000102,false,Rx,0,3,00,00,00,00,00,00,00,00,
6538362,00000201,false,Rx,0,8,00,FE,FE,00,00,00,76,00,
6539685,000000FA,false,Rx,0,8,00,00,1E,10,22,1E,1E,00,
6540703,000001BA,false,Rx,0,6,10,1E,C0,45,61,32,00,00,
6546750,000007DF,false,Rx,0,8,02,01,01,AA,AA,AA,AA,AA,
6549678,000000FA,false,Rx,0,8,00,00,1E,10,22,1E,1E,00,
6550704,000007E8,false,Rx,0,8,06,41,01,00,06,80,00,00,
6558306,00000201,false,Rx,0,8,00,FE,FE,00,00,00,77,00,
6559307,00000101,false,Rx,0,8,00,00,00,00,00,00,03,00,
6560345,000000FA,false,Rx,0,8,00,00,1E,10,22,1E,1E,00,
6560347,000001BA,false,Rx,0,6,10,1E,C0,45,61,32,00,00,
6563432,00000711,false,Rx,0,8,04,03,F1,FB,06,70,00,46,
6565440,0000077A,false,Rx,0,8,76,0B,5D,20,1C,00,00,FF,
6566971,0000049A,false,Rx,0,7,00,BC,2E,0A,12,69,67,00,
6569647,000000FA,false,Rx,0,8,00,00,1E,10,22,1E,1E,00,
6577131,00000102,false,Rx,0,3,00,00,00,00,00,00,00,00,
6578226,00000741,false,Rx,0,6,00,00,00,00,00,00,00,00,
6579230,00000201,false,Rx,0,8,00,FE,FE,00,00,00,78,00,
6580257,000000FA,false,Rx,0,8,00,00,1E,10,22,1E,1E,00,
6580258,000001BA,false,Rx,0,6,10,1E,C0,45,61,32,00,00,
6589671,000000FA,false,Rx,0,8,00,00,1E,10,22,1E,1E,00,
6595023,00000766,false,Rx,0,8,18,04,00,00,00,03,00,00,
6596078,0000069F,false,Rx,0,4,89,55,10,0F,00,00,00,00,
6598275,00000201,false,Rx,0,8,00,FE,FE,00,00,00,79,00,
6599291,00000101,false,Rx,0,8,00,00,00,00,00,00,03,00,
6600307,000000FA,false,Rx,0,8,00,00,1E,10,22,1E,1E,00,
6600308,000001BA,false,Rx,0,6,10,1E,C0,45,61,32,00,00,
6609560,000000FA,false,Rx,0,8,00,00,1E,10,22,1E,1E,00,
6614929,00000386,false,Rx,0,6,02,DC,A1,86,A6,00,00,00,
6618246,00000201,false,Rx,0,8,00,FE,FE,00,00,00,7A,00,
6619600,000000FA,false,Rx,0,8,00,00,1E,10,22,1E,1E,00,
6620630,00000102,false,Rx,0,3,00,00,00,00,00,00,00,00,
6620631,000001BA,false,Rx,0,6,10,1E,C0,45,61,32,00,00,
6629589,000000FA,false,Rx,0,8,00,00,1E,10,22,1E,1E,00,
6638311,00000201,false,Rx,0,8,00,FE,FE,00,00,00,7B,00,
6639329,00000101,false,Rx,0,8,00,00,00,00,00,00,03,00,
6640346,000000FA,false,Rx,0,8,00,00,1E,10,22,1E,1E,00,
6640347,000001BA,false,Rx,0,6,10,1E,C0,45,61,32,00,00,
6649548,000000FA,false,Rx,0,8,00,00,1E,10,22,1E,1E,00,
6658292,00000201,false,Rx,0,8,00,FE,FE,00,00,00,7C,00,
6659284,00000102,false,Rx,0,3,00,00,00,00,00,00,00,00,
6660297,000000FA,false,Rx,0,8,00,00,1E,10,22,1E,1E,00,
6660298,000001BA,false,Rx,0,6,10,1E,C0,45,61,32,00,00,
6665202,0000077A,false,Rx,0,8,76,0B,5D,20,1C,00,00,FF,
6666690,0000049A,false,Rx,0,7,00,BC,2E,0A,12,69,67,00,
6667708,00000711,false,Rx,0,8,04,03,F1,FB,06,70,00,46,
6669619,000000FA,false,Rx,0,8,00,00,1E,10,22,1E,1E,00,
6678259,00000741,false,Rx,0,6,00,00,00,00,00,00,00,00,
6679250,00000201,false,Rx,0,8,00,FE,FE,00,00,00,7D,00,
6679251,00000101,false,Rx,0,8,00,00,00,00,00,00,03,00,
6680235,000000FA,false,Rx,0,8,00,00,1E,10,22,1E,1E,00,
6680237,000001BA,false,Rx,0,6,10,1E,C0,45,61,32,00,00,
6689522,000000FA,false,Rx,0,8,00,00,1E,10,22,1E,1E,00,
6695019,00000766,false,Rx,0,8,18,04,00,00,00,03,00,00,
6698223,00000201,false,Rx,0,8,00,FE,FE,00,00,00,7E,00,
6699558,000000FA,false,Rx,0,8,00,00,1E,10,22,1E,1E,00,
6700565,00000102,false,Rx,0,3,00,00,00,00,00,00,00,00,
6700566,000001BA,false,Rx,0,6,10,1E,C0,45,61,32,00,00,
6709559,000000FA,false,Rx,0,8,00,00,1E,10,22,1E,1E,00,
6714880,00000386,false,Rx,0,6,02,DC,A1,86,A6,00,00,00,
6718250,00000201,false,Rx,0,8,00,FE,FE,00,00,00,7F,00,
6719268,00000101,false,Rx,0,8,00,00,00,00,00,00,03,00,
6720287,000000FA,false,Rx,0,8,00,00,1E,10,22,1E,1E,00,
6720288,000001BA,false,Rx,0,6,10,1E,C0,45,61,32,00,00,
6729500,000000FA,false,Rx,0,8,00,00,1E,10,22,1E,1E,00,
6738234,00000201,false,Rx,0,8,00,FE,FE,00,00,00,80,00,
6739547,000000FA,false,Rx,0,8,00,00,1E,10,22,1E,1E,00,
6740564,000001BA,false,Rx,0,6,10,1E,C0,45,61,32,00,00,
6741551,00000102,false,Rx,0,3,00,00,00,00,00,00,00,00,
6749543,000000FA,false,Rx,0,8,00,00,1E,10,22,1E,1E,00,
6758291,00000201,false,Rx,0,8,00,FE,FE,00,00,00,81,00,
6759296,00000101,false,Rx,0,8,00,00,00,00,00,00,03,00,
6760313,000000FA,false,Rx,0,8,00,00,1E,10,22,1E,1E,00,
6760314,000001BA,false,Rx,0,6,10,1E,C0,45,61,32,00,00,
6765132,0000077A,false,Rx,0,8,76,0B,5D,20,1C,00,00,FF,
6766598,0000049A,false,Rx,0,7,00,BC,2E,0A,12,69,67,00,
6769564,000000FA,false,Rx,0,8,00,00,1E,10,22,1E,1E,00,
6774034,00000711,false,Rx,0,8,04,03,F1,FB,06,70,00,46,
6778196,00000741,false,Rx,0,6,00,00,00,00,00,00,00,00,
6779154,00000201,false,Rx,0,8,00,FE,FE,00,00,00,82,00,
6780211,000000FA,false,Rx,0,8,00,00,1E,10,22,1E,1E,00,
6780212,000001BA,false,Rx,0,6,10,1E,C0,45,61,32,00,00,
6781365,00000102,false,Rx,0,3,00,00,00,00,00,00,00,00,
6789543,000000FA,false,Rx,0,8,00,00,1E,10,22,1E,1E,00,
6794956,00000766,false,Rx,0,8,18,04,00,00,00,03,00,00,
6798276,00000201,false,Rx,0,8,00,FE,FE,00,00,00,83,00,
6799295,00000101,false,Rx,0,8,00,00,00,00,00,00,03,00,
6800257,000000FA,false,Rx,0,8,00,00,1E,10,22,1E,1E,00,
6800259,000001BA,false,Rx,0,6,10,1E,C0,45,61,32,00,00,
6809489,000000FA,false,Rx,0,8,00,00,1E,10,22,1E,1E,00,
6814913,00000386,false,Rx,0,6,02,DC,A1,86,A6,00,00,00,
6818242,00000201,false,Rx,0,8,00,FE,FE,00,00,00,84,00,
6819491,000000FA,false,Rx,0,8,00,00,1E,10,22,1E,1E,00,
6820468,000001BA,false,Rx,0,6,10,1E,C0,45,61,32,00,00,
6823029,00000102,false,Rx,0,3,00,00,00,00,00,00,00,00,
6829465,000000FA,false,Rx,0,8,00,00,1E,10,22,1E,1E,00,
6838260,00000201,false,Rx,0,8,00,FE,FE,00,00,00,85,00,
6839226,00000101,false,Rx,0,8,00,00,00,00,00,00,03,00,
6840279,000000FA,false,Rx,0,8,00,00,1E,10,22,1E,1E,00,
6840280,000001BA,false,Rx,0,6,10,1E,C0,45,61,32,00,00,
6849420,000000FA,false,Rx,0,8,00,00,1E,10,22,1E,1E,00,
6858240,00000201,false,Rx,0,8,00,FE,FE,00,00,00,86,00,
6859496,000000FA,false,Rx,0,8,00,00,1E,10,22,1E,1E,00,
6860496,000001BA,false,Rx,0,6,10,1E,C0,45,61,32,00,00,
6864783,00000102,false,Rx,0,3,00,00,00,00,00,00,00,00,
6865815,0000077A,false,Rx,0,8,76,0B,5D,20,1C,00,00,FF,
6866821,0000049A,false,Rx,0,7,00,BC,2E,0A,12,69,67,00,
6869508,000000FA,false,Rx,0,8,00,00,1E,10,22,1E,1E,00,
6878214,00000741,false,Rx,0,6,00,00,00,00,00,00,00,00,
6879252,00000201,false,Rx,0,8,00,FE,FE,00,00,00,87,00,
6879253,00000101,false,Rx,0,8,00,00,00,00,00,00,03,00,
6880251,000000FA,false,Rx,0,8,00,00,1E,10,22,1E,1E,00,
6880252,000001BA,false,Rx,0,6,10,1E,C0,45,61,32,00,00,
6881262,00000711,false,Rx,0,8,04,03,F1,FB,06,70,00,46,
6889431,000000FA,false,Rx,0,8,00,00,1E,10,22,1E,1E,00,
6894939,00000766,false,Rx,0,8,18,04,00,00,00,03,00,00,
6898203,00000201,false,Rx,0,8,00,FE,FE,00,00,00,88,00,
6899410,000000FA,false,Rx,0,8,00,00,1E,10,22,1E,1E,00,
6900433,000001BA,false,Rx,0,6,10,1E,C0,45,61,32,00,00,
6905549,00000102,false,Rx,0,3,00,00,00,00,00,00,00,00,
6909443,000000FA,false,Rx,0,8,00,00,1E,10,22,1E,1E,00,
6914907,00000386,false,Rx,0,6,02,DC,A1,86,A6,00,00,00,
6918251,00000201,false,Rx,0,8,00,FE,FE,00,00,00,89,00,
6919264,00000101,false,Rx,0,8,00,00,00,00,00,00,03,00,
6920284,000000FA,false,Rx,0,8,00,00,1E,10,22,1E,1E,00,
6920285,000001BA,false,Rx,0,6,10,1E,C0,45,61,32,00,00,
6929397,000000FA,false,Rx,0,8,00,00,1E,10,22,1E,1E,00,
6938232,00000201,false,Rx,0,8,00,FE,FE,00,00,00,8A,00,
6939443,000000FA,false,Rx,0,8,00,00,1E,10,22,1E,1E,00,
6940462,000001BA,false,Rx,0,6,10,1E,C0,45,61,32,00,00,
6945367,00000102,false,Rx,0,3,00,00,00,00,00,00,00,00,
6949435,000000FA,false,Rx,0,8,00,00,1E,10,22,1E,1E,00,
6958297,00000201,false,Rx,0,8,00,FE,FE,00,00,00,8B,00,
6959307,00000101,false,Rx,0,8,00,00,00,00,00,00,03,00,
6960314,000000FA,false,Rx,0,8,00,00,1E,10,22,1E,1E,00,
6960315,000001BA,false,Rx,0,6,10,1E,C0,45,61,32,00,00,
6965000,0000077A,false,Rx,0,8,76,0B,5D,20,1C,00,00,FF,
6966528,0000049A,false,Rx,0,7,00,BC,2E,0A,12,69,67,00,
6969445,000000FA,false,Rx,0,8,00,00,1E,10,22,1E,1E,00,
6978189,00000741,false,Rx,0,6,00,00,00,00,00,00,00,00,
6979206,00000201,false,Rx,0,8,00,FE,FE,00,00,00,8C,00,
6980177,000000FA,false,Rx,0,8,00,00,1E,10,22,1E,1E,00,
6980178,000001BA,false,Rx,0,6,10,1E,C0,45,61,32,00,00,
6986432,00000102,false,Rx,0,3,00,00,00,00,00,00,00,00,
6988003,00000711,false,Rx,0,8,04,03,F1,FB,06,70,00,46,
6989424,000000FA,false,Rx,0,8,00,00,1E,10,22,1E,1E,00,
6994979,00000766,false,Rx,0,8,18,04,00,00,00,03,00,00,
6998260,00000201,false,Rx,0,8,00,FE,FE,00,00,00,8D,00,
6999242,00000101,false,Rx,0,8,00,00,00,00,00,00,03,00,
7000264,000000FA,false,Rx,0,8,00,00,1E,10,22,1E,1E,00,
7000265,000001BA,false,Rx,0,6,10,1E,C0,45,61,32,00,00,
7009351,000000FA,false,Rx,0,8,00,00,1E,10,22,1E,1E,00,
7014835,00000386,false,Rx,0,6,02,DC,A1,86,A6,00,00,00,
7018160,00000201,false,Rx,0,8,00,FE,FE,00,00,00,8E,00,
7019401,000000FA,false,Rx,0,8,00,00,1E,10,22,1E,1E,00,
7020408,000001BA,false,Rx,0,6,10,1E,C0,45,61,32,00,00,
7027222,00000102,false,Rx,0,3,00,00,00,00,00,00,00,00,
7029384,000000FA,false,Rx,0,8,00,00,1E,10,22,1E,1E,00,
7038210,00000201,false,Rx,0,8,00,FE,FE,00,00,00,8F,00,
7039202,00000101,false,Rx,0,8,00,00,00,00,00,00,03,00,
7040235,000000FA,false,Rx,0,8,00,00,1E,10,22,1E,1E,00,
7040237,000001BA,false,Rx,0,6,10,1E,C0,45,61,32,00,00,
7049350,000000FA,false,Rx,0,8,00,00,1E,10,22,1E,1E,00,
7058223,00000201,false,Rx,0,8,00,FE,FE,00,00,00,90,00,
7059455,000000FA,false,Rx,0,8,00,00,1E,10,22,1E,1E,00,
7060426,000001BA,false,Rx,0,6,10,1E,C0,45,61,32,00,00,
7064980,0000077A,false,Rx,0,8,76,0B,5D,20,1C,00,00,FF,
7066458,0000049A,false,Rx,0,7,00,BC,2E,0A,12,69,67,00,
7068184,00000102,false,Rx,0,3,00,00,00,00,00,00,00,00,
7069367,000000FA,false,Rx,0,8,00,00,1E,10,22,1E,1E,00,
7078240,00000741,false,Rx,0,6,00,00,00,00,00,00,00,00,
7079227,00000201,false,Rx,0,8,00,FE,FE,00,00,00,91,00,
7079228,00000101,false,Rx,0,8,00,00,00,00,00,00,03,00,
7080250,000000FA,false,Rx,0,8,00,00,1E,10,22,1E,1E,00,
7080251,000001BA,false,Rx,0,6,10,1E,C0,45,61,32,00,00,
7089325,000000FA,false,Rx,0,8,00,00,1E,10,22,1E,1E,00,
7093089,00000711,false,Rx,0,8,04,03,F1,FB,06,70,00,46,
7094956,00000766,false,Rx,0,8,18,04,00,00,00,03,00,00,
7098225,00000201,false,Rx,0,8,00,FE,FE,00,00,00,92,00,
7099391,000000FA,false,Rx,0,8,00,00,1E,10,22,1E,1E,00,
7100379,000001BA,false,Rx,0,6,10,1E,C0,45,61,32,00,00,
7109388,000000FA,false,Rx,0,8,00,00,1E,10,22,1E,1E,00,
7110370,00000102,false,Rx,0,3,00,00,00,00,00,00,00,00,
7114879,00000386,false,Rx,0,6,02,DC,A1,86,A6,00,00,00,
7118276,00000201,false,Rx,0,8,00,FE,FE,00,00,00,93,00,
7119308,00000101,false,Rx,0,8,00,00,00,00,00,00,03,00,
7120288,000000FA,false,Rx,0,8,00,00,1E,10,22,1E,1E,00,
7120289,000001BA,false,Rx,0,6,10,1E,C0,45,61,32,00,00,
7129331,000000FA,false,Rx,0,8,00,00,1E,10,22,1E,1E,00,
7138198,00000201,false,Rx,0,8,00,FE,FE,00,00,00,94,00,
7139364,000000FA,false,Rx,0,8,00,00,1E,10,22,1E,1E,00,
7140414,000001BA,false,Rx,0,6,10,1E,C0,45,61,32,00,00,
7149305,000000FA,false,Rx,0,8,00,00,1E,10,22,1E,1E,00,
7150535,00000102,false,Rx,0,3,00,00,00,00,00,00,00,00,
7158246,00000201,false,Rx,0,8,00,FE,FE,00,00,00,95,00,
7159252,00000101,false,Rx,0,8,00,00,00,00,00,00,03,00,
7160252,000000FA,false,Rx,0,8,00,00,1E,10,22,1E,1E,00,
7160253,000001BA,false,Rx,0,6,10,1E,C0,45,61,32,00,00,
7164911,0000077A,false,Rx,0,8,76,0B,5D,20,1C,00,00,FF,
7166406,0000049A,false,Rx,0,7,00,BC,2E,0A,12,69,67,00,
7169301,000000FA,false,Rx,0,8,00,00,1E,10,22,1E,1E,00,
7178178,00000741,false,Rx,0,6,00,00,00,00,00,00,00,00,
7179162,00000201,false,Rx,0,8,00,FE,FE,00,00,00,96,00,
7180182,000000FA,false,Rx,0,8,00,00,1E,10,22,1E,1E,00,
7180184,000001BA,false,Rx,0,6,10,1E,C0,45,61,32,00,00,
7189318,000000FA,false,Rx,0,8,00,00,1E,10,22,1E,1E,00,
7191905,00000102,false,Rx,0,3,00,00,00,00,00,00,00,00,
7194977,00000766,false,Rx,0,8,18,04,00,00,00,03,00,00,
7198228,00000201,false,Rx,0,8,00,FE,FE,00,00,00,97,00,
7199251,00000101,false,Rx,0,8,00,00,00,00,00,00,03,00,
7200265,000000FA,false,Rx,0,8,00,00,1E,10,22,1E,1E,00,
7200265,00000711,false,Rx,0,8,04,03,F1,FB,06,70,00,46,
7200266,000001BA,false,Rx,0,6,10,1E,C0,45,61,32,00,00,
7209285,000000FA,false,Rx,0,8,00,00,1E,10,22,1E,1E,00,
7214843,00000386,false,Rx,0,6,02,DC,A1,86,A6,00,00,00,
7218209,00000201,false,Rx,0,8,00,FE,FE,00,00,00,98,00,
7219328,000000FA,false,Rx,0,8,00,00,1E,10,22,1E,1E,00,
7220350,000001BA,false,Rx,0,6,10,1E,C0,45,61,32,00,00,
7229416,000000FA,false,Rx,0,8,00,00,1E,10,22,1E,1E,00,
7234932,00000102,false,Rx,0,3,00,00,00,00,00,00,00,00,
7238213,00000201,false,Rx,0,8,00,FE,FE,00,00,00,99,00,
7239229,00000101,false,Rx,0,8,00,00,00,00,00,00,03,00,
7240213,000000FA,false,Rx,0,8,00,00,1E,10,22,1E,1E,00,
7240214,000001BA,false,Rx,0,6,10,1E,C0,45,61,32,00,00,
7249257,000000FA,false,Rx,0,8,00,00,1E,10,22,1E,1E,00,
7258180,00000201,false,Rx,0,8,00,FE,FE,00,00,00,9A,00,
7259281,000000FA,false,Rx,0,8,00,00,1E,10,22,1E,1E,00,
7260298,000001BA,false,Rx,0,6,10,1E,C0,45,61,32,00,00,
7264877,0000077A,false,Rx,0,8,76,0B,5D,20,1C,00,00,FF,
7266436,0000049A,false,Rx,0,7,00,BC,2E,0A,12,69,67,00,
7269289,000000FA,false,Rx,0,8,00,00,1E,10,22,1E,1E,00,
7273503,00000102,false,Rx,0,3,00,00,00,00,00,00,00,00,
7278182,00000741,false,Rx,0,6,00,00,00,00,00,00,00,00,
7279207,00000201,false,Rx,0,8,00,FE,FE,00,00,00,9B,00,
7279211,00000101,false,Rx,0,8,00,00,00,00,00,00,03,00,
7280202,000000FA,false,Rx,0,8,00,00,1E,10,22,1E,1E,00,
7280203,000001BA,false,Rx,0,6,10,1E,C0,45,61,32,00,00,
7289294,000000FA,false,Rx,0,8,00,00,1E,10,22,1E,1E,00,
7294945,00000766,false,Rx,0,8,18,04,00,00,00,03,00,00,
7298199,00000201,false,Rx,0,8,00,FE,FE,00,00,00,9C,00,
7299261,000000FA,false,Rx,0,8,00,00,1E,10,22,1E,1E,00,
7300284,000001BA,false,Rx,0,6,10,1E,C0,45,61,32,00,00,
7305955,00000711,false,Rx,0,8,04,03,F1,FB,06,70,00,46,
7309253,000000FA,false,Rx,0,8,00,00,1E,10,22,1E,1E,00,
7314733,00000102,false,Rx,0,3,00,00,00,00,00,00,00,00,
7315766,00000386,false,Rx,0,6,02,DC,A1,86,A6,00,00,00,
7318213,00000201,false,Rx,0,8,00,FE,FE,00,00,00,9D,00,
7319242,00000101,false,Rx,0,8,00,00,00,00,00,00,03,00,
7320208,000000FA,false,Rx,0,8,00,00,1E,10,22,1E,1E,00,
7320210,000001BA,false,Rx,0,6,10,1E,C0,45,61,32,00,00,
7329218,000000FA,false,Rx,0,8,00,00,1E,10,22,1E,1E,00,
7338176,00000201,false,Rx,0,8,00,FE,FE,00,00,00,9E,00,
7339245,000000FA,false,Rx,0,8,00,00,1E,10,22,1E,1E,00,
7340264,000001BA,false,Rx,0,6,10,1E,C0,45,61,32,00,00,
7349234,000000FA,false,Rx,0,8,00,00,1E,10,22,1E,1E,00,
7355318,00000102,false,Rx,0,3,00,00,00,00,00,00,00,00,
7358216,00000201,false,Rx,0,8,00,FE,FE,00,00,00,9F,00,
7359215,00000101,false,Rx,0,8,00,00,00,00,00,00,03,00,
7359216,000000FA,false,Rx,0,8,00,00,1E,10,22,1E,1E,00,
7360243,000001BA,false,Rx,0,6,10,1E,C0,45,61,32,00,00,
7364800,0000077A,false,Rx,0,8,76,0B,5D,20,1C,00,00,FF,
7366309,0000049A,false,Rx,0,7,00,BC,2E,0A,12,69,67,00,
7369159,000000FA,false,Rx,0,8,00,00,1E,10,22,1E,1E,00,
7378157,00000741,false,Rx,0,6,00,00,00,00,00,00,00,00,
7379172,00000201,false,Rx,0,8,00,FE,FE,00,00,00,A0,00,
7380193,000000FA,false,Rx,0,8,00,00,1E,10,22,1E,1E,00,
7380194,000001BA,false,Rx,0,6,10,1E,C0,45,61,32,00,00,
7389236,000000FA,false,Rx,0,8,00,00,1E,10,22,1E,1E,00,
7394936,00000766,false,Rx,0,8,18,04,00,00,00,03,00,00,
7395962,00000102,false,Rx,0,3,00,00,00,00,00,00,00,00,
7398229,00000201,false,Rx,0,8,00,FE,FE,00,00,00,A1,00,
7399254,00000101,false,Rx,0,8,00,00,00,00,00,00,03,00,
7399256,000000FA,false,Rx,0,8,00,00,1E,10,22,1E,1E,00,
7400256,000001BA,false,Rx,0,6,10,1E,C0,45,61,32,00,00,
7409172,000000FA,false,Rx,0,8,00,00,1E,10,22,1E,1E,00,
7412543,00000711,false,Rx,0,8,04,03,F1,FB,06,70,00,46,
7414813,00000386,false,Rx,0,6,02,DC,A1,86,A6,00,00,00,
7418178,00000201,false,Rx,0,8,00,FE,FE,00,00,00,A2,00,
7419186,000000FA,false,Rx,0,8,00,00,1E,10,22,1E,1E,00,
7420202,000001BA,false,Rx,0,6,10,1E,C0,45,61,32,00,00,
7429204,000000FA,false,Rx,0,8,00,00,1E,10,22,1E,1E,00,
7438171,00000201,false,Rx,0,8,00,FE,FE,00,00,00,A3,00,
7439209,00000101,false,Rx,0,8,00,00,00,00,00,00,03,00,
7439210,00000102,false,Rx,0,3,00,00,00,00,00,00,00,00,
7440203,000000FA,false,Rx,0,8,00,00,1E,10,22,1E,1E,00,
7440204,000001BA,false,Rx,0,6,10,1E,C0,45,61,32,00,00,
7449125,000000FA,false,Rx,0,8,00,00,1E,10,22,1E,1E,00,
7458171,00000201,false,Rx,0,8,00,FE,FE,00,00,00,A4,00,
7459185,000000FA,false,Rx,0,8,00,00,1E,10,22,1E,1E,00,
7460206,000001BA,false,Rx,0,6,10,1E,C0,45,61,32,00,00,
7464786,0000077A,false,Rx,0,8,76,0B,5D,20,1C,00,00,FF,
7466331,0000049A,false,Rx,0,7,00,BC,2E,0A,12,69,67,00,
7469191,000000FA,false,Rx,0,8,00,00,1E,10,22,1E,1E,00,
7477949,00000102,false,Rx,0,3,00,00,00,00,00,00,00,00,
7478963,00000741,false,Rx,0,6,00,00,00,00,00,00,00,00,
7478964,00000201,false,Rx,0,8,00,FE,FE,00,00,00,A5,00,
7479966,000000FA,false,Rx,0,8,00,00,1E,10,22,1E,1E,00,
7479967,00000101,false,Rx,0,8,00,00,00,00,00,00,03,00,
7480954,000001BA,false,Rx,0,6,10,1E,C0,45,61,32,00,00,
7489124,000000FA,false,Rx,0,8,00,00,1E,10,22,1E,1E,00,
7490130,000007DF,false,Rx,0,8,02,01,0D,AA,AA,AA,AA,AA,
7494921,00000766,false,Rx,0,8,18,04,00,00,00,03,00,00,
7498166,00000201,false,Rx,0,8,00,FE,FE,00,00,00,A6,00,
7499160,000000FA,false,Rx,0,8,00,00,1E,10,22,1E,1E,00,
7500160,000007E8,false,Rx,0,8,03,41,0D,00,00,00,00,00,
7500161,000001BA,false,Rx,0,6,10,1E,C0,45,61,32,00,00,
7509163,000000FA,false,Rx,0,8,00,00,1E,10,22,1E,1E,00,
7514825,00000386,false,Rx,0,6,02,DC,A1,86,A6,00,00,00,
7517407,000007DF,false,Rx,0,8,02,01,0C,AA,AA,AA,AA,AA,
7518455,00000201,false,Rx,0,8,00,FE,FE,00,00,00,A7,00,
7519465,00000101,false,Rx,0,8,00,00,00,00,00,00,03,00,
7519466,000000FA,false,Rx,0,8,00,00,1E,10,22,1E,1E,00,
7520443,000007E8,false,Rx,0,8,04,41,0C,00,00,00,00,00,
7520444,000001BA,false,Rx,0,6,10,1E,C0,45,61,32,00,00,
7521441,00000102,false,Rx,0,3,00,00,00,00,00,00,00,00,
7522435,00000711,false,Rx,0,8,04,03,F1,FB,06,70,00,46,
7529074,000000FA,false,Rx,0,8,00,00,1E,10,22,1E,1E,00,
7538152,00000201,false,Rx,0,8,00,FE,FE,00,00,00,A8,00,
7539165,000000FA,false,Rx,0,8,00,00,1E,10,22,1E,1E,00,
7540180,000001BA,false,Rx,0,6,10,1E,C0,45,61,32,00,00,
7545864,000007DF,false,Rx,0,8,02,01,01,AA,AA,AA,AA,AA,
7549132,000000FA,false,Rx,0,8,00,00,1E,10,22,1E,1E,00,
7550147,000007E8,false,Rx,0,8,06,41,01,00,06,80,00,00,
7558190,00000201,false,Rx,0,8,00,FE,FE,00,00,00,A9,00,
7559205,00000101,false,Rx,0,8,00,00,00,00,00,00,03,00,
7559207,000000FA,false,Rx,0,8,00,00,1E,10,22,1E,1E,00,
7560190,000001BA,false,Rx,0,6,10,1E,C0,45,61,32,00,00,
7560191,00000102,false,Rx,0,3,00,00,00,00,00,00,00,00,
7564670,0000077A,false,Rx,0,8,76,0B,5D,20,1C,00,00,FF,
7566204,0000049A,false,Rx,0,7,00,BC,2E,0A,12,69,67,00,
7569104,000000FA,false,Rx,0,8,00,00,1E,10,22,1E,1E,00,
7578144,00000741,false,Rx,0,6,00,00,00,00,00,00,00,00,
7579130,00000201,false,Rx,0,8,00,FE,FE,00,00,00,AA,00,
7579132,000000FA,false,Rx,0,8,00,00,1E,10,22,1E,1E,00,
7580158,000001BA,false,Rx,0,6,10,1E,C0,45,61,32,00,00,
7589132,000000FA,false,Rx,0,8,00,00,1E,10,22,1E,1E,00,
7594947,00000766,false,Rx,0,8,18,04,00,00,00,03,00,00,
7595944,0000069F,false,Rx,0,4,89,55,10,0F,00,00,00,00,
7598222,00000201,false,Rx,0,8,00,FE,FE,00,00,00,AB,00,
7599214,00000101,false,Rx,0,8,00,00,00,00,00,00,03,00,
7599215,000000FA,false,Rx,0,8,00,00,1E,10,22,1E,1E,00,
7600254,000001BA,false,Rx,0,6,10,1E,C0,45,61,32,00,00,
7601250,00000102,false,Rx,0,3,00,00,00,00,00,00,00,00,
7609062,000000FA,false,Rx,0,8,00,00,1E,10,22,1E,1E,00,
7614781,00000386,false,Rx,0,6,02,DC,A1,86,A6,00,00,00,
7618160,00000201,false,Rx,0,8,00,FE,FE,00,00,00,AC,00,
7619154,000000FA,false,Rx,0,8,00,00,1E,10,22,1E,1E,00,
7620158,000001BA,false,Rx,0,6,10,1E,C0,45,61,32,00,00,
7625980,00000711,false,Rx,0,8,04,03,F1,FB,06,70,00,46,
7629217,000000FA,false,Rx,0,8,00,00,1E,10,22,1E,1E,00,
7638178,00000201,false,Rx,0,8,00,FE,FE,00,00,00,AD,00,
7639191,00000101,false,Rx,0,8,00,00,00,00,00,00,03,00,
7639192,000000FA,false,Rx,0,8,00,00,1E,10,22,1E,1E,00,
7640213,000001BA,false,Rx,0,6,10,1E,C0,45,61,32,00,00,
7641676,00000102,false,Rx,0,3,00,00,00,00,00,00,00,00,
7649031,000000FA,false,Rx,0,8,00,00,1E,10,22,1E,1E,00,
7658161,00000201,false,Rx,0,8,00,FE,FE,00,00,00,AE,00,
7659285,000000FA,false,Rx,0,8,00,00,1E,10,22,1E,1E,00,
7660301,000001BA,false,Rx,0,6,10,1E,C0,45,61,32,00,00,
7664844,0000077A,false,Rx,0,8,76,0B,5D,20,1C,00,00,FF,
7666406,0000049A,false,Rx,0,7,00,BC,2E,0A,12,69,67,00,
7669079,000000FA,false,Rx,0,8,00,00,1E,10,22,1E,1E,00,
7678136,00000741,false,Rx,0,6,00,00,00,00,00,00,00,00,
7679139,00000201,false,Rx,0,8,00,FE,FE,00,00,00,AF,00,
7679140,000000FA,false,Rx,0,8,00,00,1E,10,22,1E,1E,00,
7680152,00000101,false,Rx,0,8,00,00,00,00,00,00,03,00,
7680153,000001BA,false,Rx,0,6,10,1E,C0,45,61,32,00,00,
7683161,00000102,false,Rx,0,3,00,00,00,00,00,00,00,00,
7689051,000000FA,false,Rx,0,8,00,00,1E,10,22,1E,1E,00,
7694900,00000766,false,Rx,0,8,18,04,00,00,00,03,00,00,
7698162,00000201,false,Rx,0,8,00,FE,FE,00,00,00,B0,00,
7699186,000000FA,false,Rx,0,8,00,00,1E,10,22,1E,1E,00,
7700182,000001BA,false,Rx,0,6,10,1E,C0,45,61,32,00,00,
7709072,000000FA,false,Rx,0,8,00,00,1E,10,22,1E,1E,00,
7714785,00000386,false,Rx,0,6,02,DC,A1,86,A6,00,00,00,
7718207,00000201,false,Rx,0,8,00,FE,FE,00,00,00,B1,00,
7719189,00000101,false,Rx,0,8,00,00,00,00,00,00,03,00,
7719190,000000FA,false,Rx,0,8,00,00,1E,10,22,1E,1E,00,
7720215,000001BA,false,Rx,0,6,10,1E,C0,45,61,32,00,00,
7725656,00000102,false,Rx,0,3,00,00,00,00,00,00,00,00,
7728982,000000FA,false,Rx,0,8,00,00,1E,10,22,1E,1E,00,
7732406,00000711,false,Rx,0,8,04,03,F1,FB,06,70,00,46,
7738149,00000201,false,Rx,0,8,00,FE,FE,00,00,00,B2,00,
7739162,000000FA,false,Rx,0,8,00,00,1E,10,22,1E,1E,00,
7740203,000001BA,false,Rx,0,6,10,1E,C0,45,61,32,00,00,
7749033,000000FA,false,Rx,0,8,00,00,1E,10,22,1E,1E,00,
7758203,00000201,false,Rx,0,8,00,FE,FE,00,00,00,B3,00,
7759230,00000101,false,Rx,0,8,00,00,00,00,00,00,03,00,
7759232,000000FA,false,Rx,0,8,00,00,1E,10,22,1E,1E,00,
7760224,000001BA,false,Rx,0,6,10,1E,C0,45,61,32,00,00,
7764574,0000077A,false,Rx,0,8,76,0B,5D,20,1C,00,00,FF,
7765585,00000102,false,Rx,0,3,00,00,00,00,00,00,00,00,
7766620,0000049A,false,Rx,0,7,00,BC,2E,0A,12,69,67,00,
7768997,000000FA,false,Rx,0,8,00,00,1E,10,22,1E,1E,00,
7778108,00000741,false,Rx,0,6,00,00,00,00,00,00,00,00,
7779090,00000201,false,Rx,0,8,00,FE,FE,00,00,00,B4,00,
7779091,000000FA,false,Rx,0,8,00,00,1E,10,22,1E,1E,00,
7780129,000001BA,false,Rx,0,6,10,1E,C0,45,61,32,00,00,
7788998,000000FA,false,Rx,0,8,00,00,1E,10,22,1E,1E,00,
7794899,00000766,false,Rx,0,8,18,04,00,00,00,03,00,00,
7798164,00000201,false,Rx,0,8,00,FE,FE,00,00,00,B5,00,
7799188,00000101,false,Rx,0,8,00,00,00,00,00,00,03,00,
7799189,000000FA,false,Rx,0,8,00,00,1E,10,22,1E,1E,00,
7800184,000001BA,false,Rx,0,6,10,1E,C0,45,61,32,00,00,
7808953,000000FA,false,Rx,0,8,00,00,1E,10,22,1E,1E,00,
7813559,00000102,false,Rx,0,3,00,00,00,00,00,00,00,00,
7814793,00000386,false,Rx,0,6,02,DC,A1,86,A6,00,00,00,
7818165,00000201,false,Rx,0,8,00,FE,FE,00,00,00,B6,00,
7819163,000000FA,false,Rx,0,8,00,00,1E,10,22,1E,1E,00,
7820161,000001BA,false,Rx,0,6,10,1E,C0,45,61,32,00,00,
7828953,000000FA,false,Rx,0,8,00,00,1E,10,22,1E,1E,00,
7838171,00000201,false,Rx,0,8,00,FE,FE,00,00,00,B7,00,
7839185,00000101,false,Rx,0,8,00,00,00,00,00,00,03,00,
7839186,000000FA,false,Rx,0,8,00,00,1E,10,22,1E,1E,00,
7840180,00000711,false,Rx,0,8,04,03,F1,FB,06,70,00,46,
7840181,000001BA,false,Rx,0,6,10,1E,C0,45,61,32,00,00,
7848960,000000FA,false,Rx,0,8,00,00,1E,10,22,1E,1E,00,
7854747,00000102,false,Rx,0,3,00,00,00,00,00,00,00,00,
7858147,00000201,false,Rx,0,8,00,FE,FE,00,00,00,B8,00,
7859132,000000FA,false,Rx,0,8,00,00,1E,10,22,1E,1E,00,
7860154,000001BA,false,Rx,0,6,10,1E,C0,45,61,32,00,00,
7864588,0000077A,false,Rx,0,8,76,0B,5D,20,1C,00,00,FF,
7866102,0000049A,false,Rx,0,7,00,BC,2E,0A,12,69,67,00,
7868975,000000FA,false,Rx,0,8,00,00,1E,10,22,1E,1E,00,
7878138,00000741,false,Rx,0,6,00,00,00,00,00,00,00,00,
7879136,00000201,false,Rx,0,8,00,FE,FE,00,00,00,B9,00,
7879137,000000FA,false,Rx,0,8,00,00,1E,10,22,1E,1E,00,
7880140,00000101,false,Rx,0,8,00,00,00,00,00,00,03,00,
7880141,000001BA,false,Rx,0,6,10,1E,C0,45,61,32,00,00,
7888908,000000FA,false,Rx,0,8,00,00,1E,10,22,1E,1E,00,
7894878,00000766,false,Rx,0,8,18,04,00,00,00,03,00,00,
7895878,00000102,false,Rx,0,3,00,00,00,00,00,00,00,00,
7898140,00000201,false,Rx,0,8,00,FE,FE,00,00,00,BA,00,
7899120,000000FA,false,Rx,0,8,00,00,1E,10,22,1E,1E,00,
7900135,000001BA,false,Rx,0,6,10,1E,C0,45,61,32,00,00,
7908918,000000FA,false,Rx,0,8,00,00,1E,10,22,1E,1E,00,
7914754,00000386,false,Rx,0,6,02,DC,A1,86,A6,00,00,00,
7918183,00000201,false,Rx,0,8,00,FE,FE,00,00,00,BB,00,
7919182,00000101,false,Rx,0,8,00,00,00,00,00,00,03,00,
7919183,000000FA,false,Rx,0,8,00,00,1E,10,22,1E,1E,00,
7920197,000001BA,false,Rx,0,6,10,1E,C0,45,61,32,00,00,
7928885,000000FA,false,Rx,0,8,00,00,1E,10,22,1E,1E,00,
7936631,00000102,false,Rx,0,3,00,00,00,00,00,00,00,00,
7938159,00000201,false,Rx,0,8,00,FE,FE,00,00,00,BC,00,
7939161,000000FA,false,Rx,0,8,00,00,1E,10,22,1E,1E,00,
7940152,000001BA,false,Rx,0,6,10,1E,C0,45,61,32,00,00,
7945045,00000711,false,Rx,0,8,04,03,F1,FB,06,70,00,46,
7948893,000000FA,false,Rx,0,8,00,00,1E,10,22,1E,1E,00,
7958171,00000201,false,Rx,0,8,00,FE,FE,00,00,00,BD,00,
7959150,00000101,false,Rx,0,8,00,00,00,00,00,00,03,00,
7959151,000000FA,false,Rx,0,8,00,00,1E,10,22,1E,1E,00,
7960174,000001BA,false,Rx,0,6,10,1E,C0,45,61,32,00,00,
7964457,0000077A,false,Rx,0,8,76,0B,5D,20,1C,00,00,FF,
7965962,0000049A,false,Rx,0,7,00,BC,2E,0A,12,69,67,00,
7968899,000000FA,false,Rx,0,8,00,00,1E,10,22,1E,1E,00,
7977462,00000102,false,Rx,0,3,00,00,00,00,00,00,00,00,
7978528,00000741,false,Rx,0,6,00,00,00,00,00,00,00,00,
7979531,00000201,false,Rx,0,8,00,FE,FE,00,00,00,BE,00,
7979532,000000FA,false,Rx,0,8,00,00,1E,10,22,1E,1E,00,
7979533,000001BA,false,Rx,0,6,10,1E,C0,45,61,32,00,00,
7988892,000000FA,false,Rx,0,8,00,00,1E,10,22,1E,1E,00,
7994839,00000766,false,Rx,0,8,18,04,00,00,00,03,00,00,
7998144,00000201,false,Rx,0,8,00,FE,FE,00,00,00,BF,00,
7999163,00000101,false,Rx,0,8,00,00,00,00,00,00,03,00,
7999165,000000FA,false,Rx,0,8,00,00,1E,10,22,1E,1E,00,
8000163,000001BA,false,Rx,0,6,10,1E,C0,45,61,32,00,00,
8008876,000000FA,false,Rx,0,8,00,00,1E,10,22,1E,1E,00,
8014798,00000386,false,Rx,0,6,02,DC,A1,86,A6,00,00,00,
8018167,00000201,false,Rx,0,8,00,FE,FE,00,00,00,C0,00,
8019167,00000102,false,Rx,0,3,00,00,00,00,00,00,00,00,
8019167,000000FA,false,Rx,0,8,00,00,1E,10,22,1E,1E,00,
8020176,000001BA,false,Rx,0,6,10,1E,C0,45,61,32,00,00,
8028888,000000FA,false,Rx,0,8,00,00,1E,10,22,1E,1E,00,
8038155,00000201,false,Rx,0,8,00,FE,FE,00,00,00,C1,00,
8039149,00000101,false,Rx,0,8,00,00,00,00,00,00,03,00,
8039150,000000FA,false,Rx,0,8,00,00,1E,10,22,1E,1E,00,
8040187,000001BA,false,Rx,0,6,10,1E,C0,45,61,32,00,00,
8048836,000000FA,false,Rx,0,8,00,00,1E,10,22,1E,1E,00,
8051773,00000711,false,Rx,0,8,04,03,F1,FB,06,70,00,46,
8058133,00000201,false,Rx,0,8,00,FE,FE,00,00,00,C2,00,
8059121,000000FA,false,Rx,0,8,00,00,1E,10,22,1E,1E,00,
8060141,000001BA,false,Rx,0,6,10,1E,C0,45,61,32,00,00,
8060142,00000102,false,Rx,0,3,00,00,00,00,00,00,00,00,
8064451,0000077A,false,Rx,0,8,76,0B,5D,20,1C,00,00,FF,
8065990,0000049A,false,Rx,0,7,00,BC,2E,0A,12,69,67,00,
8068911,000000FA,false,Rx,0,8,00,00,1E,10,22,1E,1E,00,
8078076,00000741,false,Rx,0,6,00,00,00,00,00,00,00,00,
8079092,00000201,false,Rx,0,8,00,FE,FE,00,00,00,C3,00,
8079093,000000FA,false,Rx,0,8,00,00,1E,10,22,1E,1E,00,
8080096,00000101,false,Rx,0,8,00,00,00,00,00,00,03,00,
8080097,000001BA,false,Rx,0,6,10,1E,C0,45,61,32,00,00,
8088806,000000FA,false,Rx,0,8,00,00,1E,10,22,1E,1E,00,
8094855,00000766,false,Rx,0,8,18,04,00,00,00,03,00,00,
8098099,00000201,false,Rx,0,8,00,FE,FE,00,00,00,C4,00,
8099140,000000FA,false,Rx,0,8,00,00,1E,10,22,1E,1E,00,
8100131,000001BA,false,Rx,0,6,10,1E,C0,45,61,32,00,00,
8101131,00000102,false,Rx,0,3,00,00,00,00,00,00,00,00,
8108823,000000FA,false,Rx,0,8,00,00,1E,10,22,1E,1E,00,
8114762,00000386,false,Rx,0,6,02,DC,A1,86,A6,00,00,00,
8118160,00000201,false,Rx,0,8,00,FE,FE,00,00,00,C5,00,
8119168,00000101,false,Rx,0,8,00,00,00,00,00,00,03,00,
8119169,000000FA,false,Rx,0,8,00,00,1E,10,22,1E,1E,00,
8120185,000001BA,false,Rx,0,6,10,1E,C0,45,61,32,00,00,
8128781,000000FA,false,Rx,0,8,00,00,1E,10,22,1E,1E,00,
8138141,00000201,false,Rx,0,8,00,FE,FE,00,00,00,C6,00,
8139131,000000FA,false,Rx,0,8,00,00,1E,10,22,1E,1E,00,
8140126,000001BA,false,Rx,0,6,10,1E,C0,45,61,32,00,00,
8141205,00000102,false,Rx,0,3,00,00,00,00,00,00,00,00,
8148808,000000FA,false,Rx,0,8,00,00,1E,10,22,1E,1E,00,
8157888,00000711,false,Rx,0,8,04,03,F1,FB,06,70,00,46,
8158880,00000201,false,Rx,0,8,00,FE,FE,00,00,00,C7,00,
8158882,000000FA,false,Rx,0,8,00,00,1E,10,22,1E,1E,00,
8159914,00000101,false,Rx,0,8,00,00,00,00,00,00,03,00,
8159915,000001BA,false,Rx,0,6,10,1E,C0,45,61,32,00,00,
8164349,0000077A,false,Rx,0,8,76,0B,5D,20,1C,00,00,FF,
8165879,0000049A,false,Rx,0,7,00,BC,2E,0A,12,69,67,00,
8168779,000000FA,false,Rx,0,8,00,00,1E,10,22,1E,1E,00,
8178036,00000741,false,Rx,0,6,00,00,00,00,00,00,00,00,
8179027,00000201,false,Rx,0,8,00,FE,FE,00,00,00,C8,00,
8179029,000000FA,false,Rx,0,8,00,00,1E,10,22,1E,1E,00,
8180063,000001BA,false,Rx,0,6,10,1E,C0,45,61,32,00,00,
8182454,00000102,false,Rx,0,3,00,00,00,00,00,00,00,00,
8188787,000000FA,false,Rx,0,8,00,00,1E,10,22,1E,1E,00,
8194825,00000766,false,Rx,0,8,18,04,00,00,00,03,00,00,
8198149,00000201,false,Rx,0,8,00,FE,FE,00,00,00,C9,00,
8199152,00000101,false,Rx,0,8,00,00,00,00,00,00,03,00,
8199153,000000FA,false,Rx,0,8,00,00,1E,10,22,1E,1E,00,
8200147,000001BA,false,Rx,0,6,10,1E,C0,45,61,32,00,00,
8208733,000000FA,false,Rx,0,8,00,00,1E,10,22,1E,1E,00,
8214767,00000386,false,Rx,0,6,02,DC,A1,86,A6,00,00,00,
8218121,00000201,false,Rx,0,8,00,FE,FE,00,00,00,CA,00,
8219138,000000FA,false,Rx,0,8,00,00,1E,10,22,1E,1E,00,
8220114,000001BA,false,Rx,0,6,10,1E,C0,45,61,32,00,00,
8223221,00000102,false,Rx,0,3,00,00,00,00,00,00,00,00,
8228764,000000FA,false,Rx,0,8,00,00,1E,10,22,1E,1E,00,
8238161,00000201,false,Rx,0,8,00,FE,FE,00,00,00,CB,00,
8239150,00000101,false,Rx,0,8,00,00,00,00,00,00,03,00,
8239151,000000FA,false,Rx,0,8,00,00,1E,10,22,1E,1E,00,
8240169,000001BA,false,Rx,0,6,10,1E,C0,45,61,32,00,00,
8248701,000000FA,false,Rx,0,8,00,00,1E,10,22,1E,1E,00,
8258097,00000201,false,Rx,0,8,00,FE,FE,00,00,00,CC,00,
8259118,000000FA,false,Rx,0,8,00,00,1E,10,22,1E,1E,00,
8260124,000001BA,false,Rx,0,6,10,1E,C0,45,61,32,00,00,
8264325,0000077A,false,Rx,0,8,76,0B,5D,20,1C,00,00,FF,
8265341,00000102,false,Rx,0,3,00,00,00,00,00,00,00,00,
8266359,00000711,false,Rx,0,8,04,03,F1,FB,06,70,00,46,
8266361,0000049A,false,Rx,0,7,00,BC,2E,0A,12,69,67,00,
8268748,000000FA,false,Rx,0,8,00,00,1E,10,22,1E,1E,00,
8278086,00000741,false,Rx,0,6,00,00,00,00,00,00,00,00,
8279106,00000201,false,Rx,0,8,00,FE,FE,00,00,00,CD,00,
8279107,000000FA,false,Rx,0,8,00,00,1E,10,22,1E,1E,00,
8280094,00000101,false,Rx,0,8,00,00,00,00,00,00,03,00,
8280095,000001BA,false,Rx,0,6,10,1E,C0,45,61,32,00,00,
8281119,000007D1,false,Rx,0,7,03,F1,FB,00,00,00,FF,00,
8288717,000000FA,false,Rx,0,8,00,00,1E,10,22,1E,1E,00,
8294825,00000766,false,Rx,0,8,18,04,00,00,00,03,00,00,
8298095,00000201,false,Rx,0,8,00,FE,FE,00,00,00,CE,00,
8299122,000000FA,false,Rx,0,8,00,00,1E,10,22,1E,1E,00,
8299123,000001BA,false,Rx,0,6,10,1E,C0,45,61,32,00,00,
8305128,00000102,false,Rx,0,3,00,00,00,00,00,00,00,00,
8308699,000000FA,false,Rx,0,8,00,00,1E,10,22,1E,1E,00,
8314695,00000386,false,Rx,0,6,02,DC,A1,86,A6,00,00,00,
8318092,00000201,false,Rx,0,8,00,FE,FE,00,00,00,CF,00,
8319116,00000101,false,Rx,0,8,00,00,00,00,00,00,03,00,
8319118,000000FA,false,Rx,0,8,00,00,1E,10,22,1E,1E,00,
8320127,000001BA,false,Rx,0,6,10,1E,C0,45,61,32,00,00,
8328668,000000FA,false,Rx,0,8,00,00,1E,10,22,1E,1E,00,
8338155,00000201,false,Rx,0,8,00,FE,FE,00,00,00,D0,00,
8339147,000000FA,false,Rx,0,8,00,00,1E,10,22,1E,1E,00,
8339148,000001BA,false,Rx,0,6,10,1E,C0,45,61,32,00,00,
8346609,00000102,false,Rx,0,3,00,00,00,00,00,00,00,00,
8348693,000000FA,false,Rx,0,8,00,00,1E,10,22,1E,1E,00,
8358157,00000201,false,Rx,0,8,00,FE,FE,00,00,00,D1,00,
8359167,00000101,false,Rx,0,8,00,00,00,00,00,00,03,00,
8359168,000000FA,false,Rx,0,8,00,00,1E,10,22,1E,1E,00,
8360188,000001BA,false,Rx,0,6,10,1E,C0,45,61,32,00,00,
8364295,0000077A,false,Rx,0,8,76,0B,5D,20,1C,00,00,FF,
8365780,0000049A,false,Rx,0,7,00,BC,2E,0A,12,69,67,00,
8368679,000000FA,false,Rx,0,8,00,00,1E,10,22,1E,1E,00,
8370875,00000711,false,Rx,0,8,04,03,F1,FB,06,70,00,46,
8378081,00000741,false,Rx,0,6,00,00,00,00,00,00,00,00,
8379059,00000201,false,Rx,0,8,00,FE,FE,00,00,00,D2,00,
8379060,000000FA,false,Rx,0,8,00,00,1E,10,22,1E,1E,00,
8380093,000001BA,false,Rx,0,6,10,1E,C0,45,61,32,00,00,
8387520,00000102,false,Rx,0,3,00,00,00,00,00,00,00,00,
8388649,000000FA,false,Rx,0,8,00,00,1E,10,22,1E,1E,00,
8394803,00000766,false,Rx,0,8,18,04,00,00,00,03,00,00,
8398150,00000201,false,Rx,0,8,00,FE,FE,00,00,00,D3,00,
8399174,00000101,false,Rx,0,8,00,00,00,00,00,00,03,00,
8399176,000000FA,false,Rx,0,8,00,00,1E,10,22,1E,1E,00,
8400164,000001BA,false,Rx,0,6,10,1E,C0,45,61,32,00,00,
8408637,000000FA,false,Rx,0,8,00,00,1E,10,22,1E,1E,00,
8414741,00000386,false,Rx,0,6,02,DC,A1,86,A6,00,00,00,
8418084,00000201,false,Rx,0,8,00,FE,FE,00,00,00,D4,00,
8419046,000000FA,false,Rx,0,8,00,00,1E,10,22,1E,1E,00,
8419048,000001BA,false,Rx,0,6,10,1E,C0,45,61,32,00,00,
8428041,00000102,false,Rx,0,3,00,00,00,00,00,00,00,00,
8429064,000000FA,false,Rx,0,8,00,00,1E,10,22,1E,1E,00,
8438107,00000201,false,Rx,0,8,00,FE,FE,00,00,00,D5,00,
8439128,00000101,false,Rx,0,8,00,00,00,00,00,00,03,00,
8439130,000000FA,false,Rx,0,8,00,00,1E,10,22,1E,1E,00,
8440131,000001BA,false,Rx,0,6,10,1E,C0,45,61,32,00,00,
8448628,000000FA,false,Rx,0,8,00,00,1E,10,22,1E,1E,00,
8458145,00000201,false,Rx,0,8,00,FE,FE,00,00,00,D6,00,
8459137,000000FA,false,Rx,0,8,00,00,1E,10,22,1E,1E,00,
8459138,000001BA,false,Rx,0,6,10,1E,C0,45,61,32,00,00,
8464260,0000077A,false,Rx,0,8,76,0B,5D,20,1C,00,00,FF,
8465819,0000049A,false,Rx,0,7,00,BC,2E,0A,12,69,67,00,
8468631,000000FA,false,Rx,0,8,00,00,1E,10,22,1E,1E,00,
8470620,00000102,false,Rx,0,3,00,00,00,00,00,00,00,00,
8477355,00000711,false,Rx,0,8,04,03,F1,FB,06,70,00,46,
8478397,00000741,false,Rx,0,6,00,00,00,00,00,00,00,00,
8479424,00000201,false,Rx,0,8,00,FE,FE,00,00,00,D7,00,
8479425,000000FA,false,Rx,0,8,00,00,1E,10,22,1E,1E,00,
8480423,00000101,false,Rx,0,8,00,00,00,00,00,00,03,00,
8480425,000001BA,false,Rx,0,6,10,1E,C0,45,61,32,00,00,
8488714,000000FA,false,Rx,0,8,00,00,1E,10,22,1E,1E,00,
8494833,00000766,false,Rx,0,8,18,04,00,00,00,03,00,00,
8498083,00000201,false,Rx,0,8,00,FE,FE,00,00,00,D8,00,
8499066,000000FA,false,Rx,0,8,00,00,1E,10,22,1E,1E,00,
8499068,000001BA,false,Rx,0,6,10,1E,C0,45,61,32,00,00,
8504526,000007DF,false,Rx,0,8,02,01,0D,AA,AA,AA,AA,AA,
8508612,000000FA,false,Rx,0,8,00,00,1E,10,22,1E,1E,00,
8509638,000007E8,false,Rx,0,8,03,41,0D,00,00,00,00,00,
8511499,00000102,false,Rx,0,3,00,00,00,00,00,00,00,00,
8514722,00000386,false,Rx,0,6,02,DC,A1,86,A6,00,00,00,
8518105,00000201,false,Rx,0,8,00,FE,FE,00,00,00,D9,00,
8519118,00000101,false,Rx,0,8,00,00,00,00,00,00,03,00,
8519120,000000FA,false,Rx,0,8,00,00,1E,10,22,1E,1E,00,
8520126,000001BA,false,Rx,0,6,10,1E,C0,45,61,32,00,00,
8528505,000000FA,false,Rx,0,8,00,00,1E,10,22,1E,1E,00,
8532660,000007DF,false,Rx,0,8,02,01,0C,AA,AA,AA,AA,AA,
8538061,00000201,false,Rx,0,8,00,FE,FE,00,00,00,DA,00,
8539084,000000FA,false,Rx,0,8,00,00,1E,10,22,1E,1E,00,
8540104,000007E8,false,Rx,0,8,04,41,0C,00,00,00,00,00,
8540106,000001BA,false,Rx,0,6,10,1E,C0,45,61,32,00,00,
8548583,000000FA,false,Rx,0,8,00,00,1E,10,22,1E,1E,00,
8553584,00000102,false,Rx,0,3,00,00,00,00,00,00,00,00,
8558138,00000201,false,Rx,0,8,00,FE,FE,00,00,00,DB,00,
8559138,000000FA,false,Rx,0,8,00,00,1E,10,22,1E,1E,00,
8559139,00000101,false,Rx,0,8,00,00,00,00,00,00,03,00,
8560123,000001BA,false,Rx,0,6,10,1E,C0,45,61,32,00,00,
8561952,000007DF,false,Rx,0,8,02,01,01,AA,AA,AA,AA,AA,
8564121,0000077A,false,Rx,0,8,76,0B,5D,20,1C,00,00,FF,
8565706,0000049A,false,Rx,0,7,00,BC,2E,0A,12,69,67,00,
8568559,000000FA,false,Rx,0,8,00,00,1E,10,22,1E,1E,00,
8569535,000007E8,false,Rx,0,8,06,41,01,00,06,80,00,00,
8578056,00000741,false,Rx,0,6,00,00,00,00,00,00,00,00,
8579052,00000201,false,Rx,0,8,00,FE,FE,00,00,00,DC,00,
8579053,000000FA,false,Rx,0,8,00,00,1E,10,22,1E,1E,00,
8580091,000001BA,false,Rx,0,6,10,1E,C0,45,61,32,00,00,
8588538,000000FA,false,Rx,0,8,00,00,1E,10,22,1E,1E,00,
8591020,00000711,false,Rx,0,8,04,03,F1,FB,06,70,00,46,
8593469,00000102,false,Rx,0,3,00,00,00,00,00,00,00,00,
8594820,00000766,false,Rx,0,8,18,04,00,00,00,03,00,00,
8595850,0000069F,false,Rx,0,4,89,55,10,0F,00,00,00,00,
8598096,00000201,false,Rx,0,8,00,FE,FE,00,00,00,DD,00,
8599117,000000FA,false,Rx,0,8,00,00,1E,10,22,1E,1E,00,
8599118,00000101,false,Rx,0,8,00,00,00,00,00,00,03,00,
8600124,000001BA,false,Rx,0,6,10,1E,C0,45,61,32,00,00,
8608512,000000FA,false,Rx,0,8,00,00,1E,10,22,1E,1E,00,
8614692,00000386,false,Rx,0,6,02,DC,A1,86,A6,00,00,00,
8618043,00000201,false,Rx,0,8,00,FE,FE,00,00,00,DE,00,
8619050,000000FA,false,Rx,0,8,00,00,1E,10,22,1E,1E,00,
8619051,000001BA,false,Rx,0,6,10,1E,C0,45,61,32,00,00,
8628534,000000FA,false,Rx,0,8,00,00,1E,10,22,1E,1E,00,
8632922,00000102,false,Rx,0,3,00,00,00,00,00,00,00,00,
8638066,00000201,false,Rx,0,8,00,FE,FE,00,00,00,DF,00,
8639083,000000FA,false,Rx,0,8,00,00,1E,10,22,1E,1E,00,
8639084,00000101,false,Rx,0,8,00,00,00,00,00,00,03,00,
8640083,000001BA,false,Rx,0,6,10,1E,C0,45,61,32,00,00,
8648449,000000FA,false,Rx,0,8,00,00,1E,10,22,1E,1E,00,
8658075,00000201,false,Rx,0,8,00,FE,FE,00,00,00,E0,00,
8659091,000000FA,false,Rx,0,8,00,00,1E,10,22,1E,1E,00,
8659091,000001BA,false,Rx,0,6,10,1E,C0,45,61,32,00,00,
8664119,0000077A,false,Rx,0,8,76,0B,5D,20,1C,00,00,FF,
8665626,0000049A,false,Rx,0,7,00,BC,2E,0A,12,69,67,00,
8668541,000000FA,false,Rx,0,8,00,00,1E,10,22,1E,1E,00,
8674783,00000102,false,Rx,0,3,00,00,00,00,00,00,00,00,
8678069,00000741,false,Rx,0,6,00,00,00,00,00,00,00,00,
8679010,000000FA,false,Rx,0,8,00,00,1E,10,22,1E,1E,00,
8679011,00000201,false,Rx,0,8,00,FE,FE,00,00,00,E1,00,
8680068,00000101,false,Rx,0,8,00,00,00,00,00,00,03,00,
8680069,000001BA,false,Rx,0,6,10,1E,C0,45,61,32,00,00,
8688508,000000FA,false,Rx,0,8,00,00,1E,10,22,1E,1E,00,
8690764,00000711,false,Rx,0,8,04,03,F1,FB,06,70,00,46,
8694759,00000766,false,Rx,0,8,18,04,00,00,00,03,00,00,
8698049,00000201,false,Rx,0,8,00,FE,FE,00,00,00,E2,00,
8699060,000000FA,false,Rx,0,8,00,00,1E,10,22,1E,1E,00,
8699061,000001BA,false,Rx,0,6,10,1E,C0,45,61,32,00,00,
8708530,000000FA,false,Rx,0,8,00,00,1E,10,22,1E,1E,00,
8714686,00000386,false,Rx,0,6,02,DC,A1,86,A6,00,00,00,
8715697,00000102,false,Rx,0,3,00,00,00,00,00,00,00,00,
8718075,00000201,false,Rx,0,8,00,FE,FE,00,00,00,E3,00,
8719089,000000FA,false,Rx,0,8,00,00,1E,10,22,1E,1E,00,
8719091,00000101,false,Rx,0,8,00,00,00,00,00,00,03,00,
8720116,000001BA,false,Rx,0,6,10,1E,C0,45,61,32,00,00,
8728438,000000FA,false,Rx,0,8,00,00,1E,10,22,1E,1E,00,
8738045,00000201,false,Rx,0,8,00,FE,FE,00,00,00,E4,00,
8739067,000000FA,false,Rx,0,8,00,00,1E,10,22,1E,1E,00,
8739069,000001BA,false,Rx,0,6,10,1E,C0,45,61,32,00,00,
8748496,000000FA,false,Rx,0,8,00,00,1E,10,22,1E,1E,00,
8755806,00000102,false,Rx,0,3,00,00,00,00,00,00,00,00,
8758058,00000201,false,Rx,0,8,00,FE,FE,00,00,00,E5,00,
8759069,000000FA,false,Rx,0,8,00,00,1E,10,22,1E,1E,00,
8759072,00000101,false,Rx,0,8,00,00,00,00,00,00,03,00,
8760108,000001BA,false,Rx,0,6,10,1E,C0,45,61,32,00,00,
8764041,0000077A,false,Rx,0,8,76,0B,5D,20,1C,00,00,FF,
8765492,0000049A,false,Rx,0,7,00,BC,2E,0A,12,69,67,00,
8768492,000000FA,false,Rx,0,8,00,00,1E,10,22,1E,1E,00,
8778013,00000741,false,Rx,0,6,00,00,00,00,00,00,00,00,
8779006,000000FA,false,Rx,0,8,00,00,1E,10,22,1E,1E,00,
8779008,00000201,false,Rx,0,8,00,FE,FE,00,00,00,E6,00,
8780047,000001BA,false,Rx,0,6,10,1E,C0,45,61,32,00,00,
8788485,000000FA,false,Rx,0,8,00,00,1E,10,22,1E,1E,00,
8794765,00000766,false,Rx,0,8,18,04,00,00,00,03,00,00,
8798085,00000201,false,Rx,0,8,00,FE,FE,00,00,00,E7,00,
8799076,000000FA,false,Rx,0,8,00,00,1E,10,22,1E,1E,00,
8799077,00000101,false,Rx,0,8,00,00,00,00,00,00,03,00,
8800133,00000102,false,Rx,0,3,00,00,00,00,00,00,00,00,
8800135,000001BA,false,Rx,0,6,10,1E,C0,45,61,32,00,00,
8803985,00000711,false,Rx,0,8,04,03,F1,FB,06,70,00,46,
8808403,000000FA,false,Rx,0,8,00,00,1E,10,22,1E,1E,00,
8814698,00000386,false,Rx,0,6,02,DC,A1,86,A6,00,00,00,
8818042,00000201,false,Rx,0,8,00,FE,FE,00,00,00,E8,00,
8819046,000000FA,false,Rx,0,8,00,00,1E,10,22,1E,1E,00,
8819048,000001BA,false,Rx,0,6,10,1E,C0,45,61,32,00,00,
8828510,000000FA,false,Rx,0,8,00,00,1E,10,22,1E,1E,00,
8837644,00000102,false,Rx,0,3,00,00,00,00,00,00,00,00,
8838673,00000201,false,Rx,0,8,00,FE,FE,00,00,00,E9,00,
8838675,000000FA,false,Rx,0,8,00,00,1E,10,22,1E,1E,00,
8839672,00000101,false,Rx,0,8,00,00,00,00,00,00,03,00,
8839674,000001BA,false,Rx,0,6,10,1E,C0,45,61,32,00,00,
8848405,000000FA,false,Rx,0,8,00,00,1E,10,22,1E,1E,00,
8858074,00000201,false,Rx,0,8,00,FE,FE,00,00,00,EA,00,
8859067,000000FA,false,Rx,0,8,00,00,1E,10,22,1E,1E,00,
8859069,000001BA,false,Rx,0,6,10,1E,C0,45,61,32,00,00,
8864121,0000077A,false,Rx,0,8,76,0B,5D,20,1C,00,00,FF,
8865639,0000049A,false,Rx,0,7,00,BC,2E,0A,12,69,67,00,
8868490,000000FA,false,Rx,0,8,00,00,1E,10,22,1E,1E,00,
8878049,00000741,false,Rx,0,6,00,00,00,00,00,00,00,00,
8879063,000000FA,false,Rx,0,8,00,00,1E,10,22,1E,1E,00,
8879064,00000201,false,Rx,0,8,00,FE,FE,00,00,00,EB,00,
8880070,00000101,false,Rx,0,8,00,00,00,00,00,00,03,00,
8880071,00000102,false,Rx,0,3,00,00,00,00,00,00,00,00,
8881075,000001BA,false,Rx,0,6,10,1E,C0,45,61,32,00,00,
8888418,000000FA,false,Rx,0,8,00,00,1E,10,22,1E,1E,00,
8894768,00000766,false,Rx,0,8,18,04,00,00,00,03,00,00,
8898061,00000201,false,Rx,0,8,00,FE,FE,00,00,00,EC,00,
8899061,000000FA,false,Rx,0,8,00,00,1E,10,22,1E,1E,00,
8899062,000001BA,false,Rx,0,6,10,1E,C0,45,61,32,00,00,
8904466,00000711,false,Rx,0,8,04,03,F1,FB,06,70,00,46,
8908444,000000FA,false,Rx,0,8,00,00,1E,10,22,1E,1E,00,
8914694,00000386,false,Rx,0,6,02,DC,A1,86,A6,00,00,00,
8918069,00000201,false,Rx,0,8,00,FE,FE,00,00,00,ED,00,
8919064,000000FA,false,Rx,0,8,00,00,1E,10,22,1E,1E,00,
8919066,00000101,false,Rx,0,8,00,00,00,00,00,00,03,00,
8920094,000001BA,false,Rx,0,6,10,1E,C0,45,61,32,00,00,
8920096,00000102,false,Rx,0,3,00,00,00,00,00,00,00,00,
8928330,000000FA,false,Rx,0,8,00,00,1E,10,22,1E,1E,00,
8938057,00000201,false,Rx,0,8,00,FE,FE,00,00,00,EE,00,
8939049,000000FA,false,Rx,0,8,00,00,1E,10,22,1E,1E,00,
8939050,000001BA,false,Rx,0,6,10,1E,C0,45,61,32,00,00,
8948393,000000FA,false,Rx,0,8,00,00,1E,10,22,1E,1E,00,
8958019,00000201,false,Rx,0,8,00,FE,FE,00,00,00,EF,00,
8959069,000000FA,false,Rx,0,8,00,00,1E,10,22,1E,1E,00,
8959071,00000101,false,Rx,0,8,00,00,00,00,00,00,03,00,
8960131,000001BA,false,Rx,0,6,10,1E,C0,45,61,32,00,00,
8963977,0000077A,false,Rx,0,8,76,0B,5D,20,1C,00,00,FF,
8964971,00000102,false,Rx,0,3,00,00,00,00,00,00,00,00,
8965969,0000049A,false,Rx,0,7,00,BC,2E,0A,12,69,67,00,
8968386,000000FA,false,Rx,0,8,00,00,1E,10,22,1E,1E,00,
8978032,00000741,false,Rx,0,6,00,00,00,00,00,00,00,00,
8979025,000000FA,false,Rx,0,8,00,00,1E,10,22,1E,1E,00,
8979026,00000201,false,Rx,0,8,00,FE,FE,00,00,00,F0,00,
8980034,000001BA,false,Rx,0,6,10,1E,C0,45,61,32,00,00,
8988337,000000FA,false,Rx,0,8,00,00,1E,10,22,1E,1E,00,
8994752,00000766,false,Rx,0,8,18,04,00,00,00,03,00,00,
8998079,00000201,false,Rx,0,8,00,FE,FE,00,00,00,F1,00,
8999075,000000FA,false,Rx,0,8,00,00,1E,10,22,1E,1E,00,
8999077,00000101,false,Rx,0,8,00,00,00,00,00,00,03,00,
9000107,000001BA,false,Rx,0,6,10,1E,C0,45,61,32,00,00,
9002592,00000102,false,Rx,0,3,00,00,00,00,00,00,00,00,
9008338,000000FA,false,Rx,0,8,00,00,1E,10,22,1E,1E,00,
9009980,00000711,false,Rx,0,8,04,03,F1,FB,06,70,00,46,
9014672,00000386,false,Rx,0,6,02,DC,A1,86,A6,00,00,00,
9018098,00000201,false,Rx,0,8,00,FE,FE,00,00,00,F2,00,
9019054,000000FA,false,Rx,0,8,00,00,1E,10,22,1E,1E,00,
9019056,000001BA,false,Rx,0,6,10,1E,C0,45,61,32,00,00,
9028351,000000FA,false,Rx,0,8,00,00,1E,10,22,1E,1E,00,
9038077,00000201,false,Rx,0,8,00,FE,FE,00,00,00,F3,00,
9039064,000000FA,false,Rx,0,8,00,00,1E,10,22,1E,1E,00,
9039065,00000101,false,Rx,0,8,00,00,00,00,00,00,03,00,
9040106,000001BA,false,Rx,0,6,10,1E,C0,45,61,32,00,00,
9042286,00000102,false,Rx,0,3,00,00,00,00,00,00,00,00,
9048271,000000FA,false,Rx,0,8,00,00,1E,10,22,1E,1E,00,
9058057,00000201,false,Rx,0,8,00,FE,FE,00,00,00,F4,00,
9059047,000000FA,false,Rx,0,8,00,00,1E,10,22,1E,1E,00,
9059048,000001BA,false,Rx,0,6,10,1E,C0,45,61,32,00,00,
9063965,0000077A,false,Rx,0,8,76,0B,5D,20,1C,00,00,FF,
9065444,0000049A,false,Rx,0,7,00,BC,2E,0A,12,69,67,00,
9068308,000000FA,false,Rx,0,8,00,00,1E,10,22,1E,1E,00,
9078021,00000741,false,Rx,0,6,00,00,00,00,00,00,00,00,
9079014,000000FA,false,Rx,0,8,00,00,1E,10,22,1E,1E,00,
9079015,00000201,false,Rx,0,8,00,FE,FE,00,00,00,F5,00,
9080021,00000101,false,Rx,0,8,00,00,00,00,00,00,03,00,
9080022,000001BA,false,Rx,0,6,10,1E,C0,45,61,32,00,00,
9083446,00000102,false,Rx,0,3,00,00,00,00,00,00,00,00,
9088285,000000FA,false,Rx,0,8,00,00,1E,10,22,1E,1E,00,
9094752,00000766,false,Rx,0,8,18,04,00,00,00,03,00,00,
9098037,00000201,false,Rx,0,8,00,FE,FE,00,00,00,F6,00,
9099034,000000FA,false,Rx,0,8,00,00,1E,10,22,1E,1E,00,
9099035,000001BA,false,Rx,0,6,10,1E,C0,45,61,32,00,00,
9108345,000000FA,false,Rx,0,8,00,00,1E,10,22,1E,1E,00,
9114638,00000386,false,Rx,0,6,02,DC,A1,86,A6,00,00,00,
9116622,00000711,false,Rx,0,8,04,03,F1,FB,06,70,00,46,
9118035,00000201,false,Rx,0,8,00,FE,FE,00,00,00,F7,00,
9119055,000000FA,false,Rx,0,8,00,00,1E,10,22,1E,1E,00,
9119056,00000101,false,Rx,0,8,00,00,00,00,00,00,03,00,
9120049,000001BA,false,Rx,0,6,10,1E,C0,45,61,32,00,00,
9124458,00000102,false,Rx,0,3,00,00,00,00,00,00,00,00,
9128238,000000FA,false,Rx,0,8,00,00,1E,10,22,1E,1E,00,
9137990,00000201,false,Rx,0,8,00,FE,FE,00,00,00,F8,00,
9139030,000000FA,false,Rx,0,8,00,00,1E,10,22,1E,1E,00,
9139031,000001BA,false,Rx,0,6,10,1E,C0,45,61,32,00,00,
9148262,000000FA,false,Rx,0,8,00,00,1E,10,22,1E,1E,00,
9158057,00000201,false,Rx,0,8,00,FE,FE,00,00,00,F9,00,
9159045,000000FA,false,Rx,0,8,00,00,1E,10,22,1E,1E,00,
9159046,00000101,false,Rx,0,8,00,00,00,00,00,00,03,00,
9160067,000001BA,false,Rx,0,6,10,1E,C0,45,61,32,00,00,
9163762,0000077A,false,Rx,0,8,76,0B,5D,20,1C,00,00,FF,
9165302,0000049A,false,Rx,0,7,00,BC,2E,0A,12,69,67,00,
9166299,00000102,false,Rx,0,3,00,00,00,00,00,00,00,00,
9168217,000000FA,false,Rx,0,8,00,00,1E,10,22,1E,1E,00,
9177972,00000741,false,Rx,0,6,00,00,00,00,00,00,00,00,
9178954,000000FA,false,Rx,0,8,00,00,1E,10,22,1E,1E,00,
9178955,00000201,false,Rx,0,8,00,FE,FE,00,00,00,FA,00,
9179983,000001BA,false,Rx,0,6,10,1E,C0,45,61,32,00,00,
9188275,000000FA,false,Rx,0,8,00,00,1E,10,22,1E,1E,00,
9194763,00000766,false,Rx,0,8,18,04,00,00,00,03,00,00,
9198068,00000201,false,Rx,0,8,00,FE,FE,00,00,00,FB,00,
9199080,000000FA,false,Rx,0,8,00,00,1E,10,22,1E,1E,00,
9199081,00000101,false,Rx,0,8,00,00,00,00,00,00,03,00,
9200082,000001BA,false,Rx,0,6,10,1E,C0,45,61,32,00,00,
9207798,00000102,false,Rx,0,3,00,00,00,00,00,00,00,00,
9208773,000000FA,false,Rx,0,8,00,00,1E,10,22,1E,1E,00,
9214628,00000386,false,Rx,0,6,02,DC,A1,86,A6,00,00,00,
9218052,00000201,false,Rx,0,8,00,FE,FE,00,00,00,FC,00,
9219056,000000FA,false,Rx,0,8,00,00,1E,10,22,1E,1E,00,
9219057,000001BA,false,Rx,0,6,10,1E,C0,45,61,32,00,00,
9222913,00000711,false,Rx,0,8,04,03,F1,FB,06,70,00,46,
9228227,000000FA,false,Rx,0,8,00,00,1E,10,22,1E,1E,00,
9238063,00000201,false,Rx,0,8,00,FE,FE,00,00,00,FD,00,
9239069,000000FA,false,Rx,0,8,00,00,1E,10,22,1E,1E,00,
9239070,00000101,false,Rx,0,8,00,00,00,00,00,00,03,00,
9240093,000001BA,false,Rx,0,6,10,1E,C0,45,61,32,00,00,
9247634,00000102,false,Rx,0,3,00,00,00,00,00,00,00,00,
9248624,000000FA,false,Rx,0,8,00,00,1E,10,22,1E,1E,00,
9258019,00000201,false,Rx,0,8,00,FE,FE,00,00,00,FE,00,
9259011,000000FA,false,Rx,0,8,00,00,1E,10,22,1E,1E,00,
9259012,000001BA,false,Rx,0,6,10,1E,C0,45,61,32,00,00,
9263828,0000077A,false,Rx,0,8,76,0B,5D,20,1C,00,00,FF,
9265344,0000049A,false,Rx,0,7,00,BC,2E,0A,12,69,67,00,
9268242,000000FA,false,Rx,0,8,00,00,1E,10,22,1E,1E,00,
9278001,00000741,false,Rx,0,6,00,00,00,00,00,00,00,00,
9278986,000000FA,false,Rx,0,8,00,00,1E,10,22,1E,1E,00,
9278987,00000201,false,Rx,0,8,00,FE,FE,00,00,00,FF,00,
9280007,00000101,false,Rx,0,8,00,00,00,00,00,00,03,00,
9280008,000001BA,false,Rx,0,6,10,1E,C0,45,61,32,00,00,
9288178,000000FA,false,Rx,0,8,00,00,1E,10,22,1E,1E,00,
9289171,00000102,false,Rx,0,3,00,00,00,00,00,00,00,00,
9294751,00000766,false,Rx,0,8,18,04,00,00,00,03,00,00,
9298042,00000201,false,Rx,0,8,00,FE,FE,00,00,00,00,00,
9299032,000000FA,false,Rx,0,8,00,00,1E,10,22,1E,1E,00,
9299033,000001BA,false,Rx,0,6,10,1E,C0,45,61,32,00,00,
9308200,000000FA,false,Rx,0,8,00,00,1E,10,22,1E,1E,00,
9314626,00000386,false,Rx,0,6,02,DC,A1,86,A6,00,00,00,
9318030,00000201,false,Rx,0,8,00,FE,FE,00,00,00,01,00,
9319104,000000FA,false,Rx,0,8,00,00,1E,10,22,1E,1E,00,
9319105,00000101,false,Rx,0,8,00,00,00,00,00,00,03,00,
9320052,000001BA,false,Rx,0,6,10,1E,C0,45,61,32,00,00,
9328126,000000FA,false,Rx,0,8,00,00,1E,10,22,1E,1E,00,
9329500,00000102,false,Rx,0,3,00,00,00,00,00,00,00,00,
9330931,00000711,false,Rx,0,8,04,03,F1,FB,06,70,00,46,
9338014,00000201,false,Rx,0,8,00,FE,FE,00,00,00,02,00,
9338986,000000FA,false,Rx,0,8,00,00,1E,10,22,1E,1E,00,
9338987,000001BA,false,Rx,0,6,10,1E,C0,45,61,32,00,00,
9348184,000000FA,false,Rx,0,8,00,00,1E,10,22,1E,1E,00,
9358050,00000201,false,Rx,0,8,00,FE,FE,00,00,00,03,00,
9359049,000000FA,false,Rx,0,8,00,00,1E,10,22,1E,1E,00,
9359050,00000101,false,Rx,0,8,00,00,00,00,00,00,03,00,
9360071,000001BA,false,Rx,0,6,10,1E,C0,45,61,32,00,00,
9363673,0000077A,false,Rx,0,8,76,0B,5D,20,1C,00,00,FF,
9365241,0000049A,false,Rx,0,7,00,BC,2E,0A,12,69,67,00,
9368143,000000FA,false,Rx,0,8,00,00,1E,10,22,1E,1E,00,
9370184,00000102,false,Rx,0,3,00,00,00,00,00,00,00,00,
9377908,00000741,false,Rx,0,6,00,00,00,00,00,00,00,00,
9378963,000000FA,false,Rx,0,8,00,00,1E,10,22,1E,1E,00,
9378965,00000201,false,Rx,0,8,00,FE,FE,00,00,00,04,00,
9379962,000001BA,false,Rx,0,6,10,1E,C0,45,61,32,00,00,
9388163,000000FA,false,Rx,0,8,00,00,1E,10,22,1E,1E,00,
9394726,00000766,false,Rx,0,8,18,04,00,00,00,03,00,00,
9398043,00000201,false,Rx,0,8,00,FE,FE,00,00,00,05,00,
9399034,000000FA,false,Rx,0,8,00,00,1E,10,22,1E,1E,00,
9399035,00000101,false,Rx,0,8,00,00,00,00,00,00,03,00,
9400056,000001BA,false,Rx,0,6,10,1E,C0,45,61,32,00,00,
9408097,000000FA,false,Rx,0,8,00,00,1E,10,22,1E,1E,00,
9411656,00000102,false,Rx,0,3,00,00,00,00,00,00,00,00,
9414615,00000386,false,Rx,0,6,02,DC,A1,86,A6,00,00,00,
9417969,00000201,false,Rx,0,8,00,FE,FE,00,00,00,06,00,
9419001,000000FA,false,Rx,0,8,00,00,1E,10,22,1E,1E,00,
9419002,000001BA,false,Rx,0,6,10,1E,C0,45,61,32,00,00,
9428153,000000FA,false,Rx,0,8,00,00,1E,10,22,1E,1E,00,
9437359,00000711,false,Rx,0,8,04,03,F1,FB,06,70,00,46,
9438407,00000201,false,Rx,0,8,00,FE,FE,00,00,00,07,00,
9439341,000000FA,false,Rx,0,8,00,00,1E,10,22,1E,1E,00,
9439342,00000101,false,Rx,0,8,00,00,00,00,00,00,03,00,
9439343,000001BA,false,Rx,0,6,10,1E,C0,45,61,32,00,00,
9448054,000000FA,false,Rx,0,8,00,00,1E,10,22,1E,1E,00,
9452588,00000102,false,Rx,0,3,00,00,00,00,00,00,00,00,
9457983,00000201,false,Rx,0,8,00,FE,FE,00,00,00,08,00,
9458987,000000FA,false,Rx,0,8,00,00,1E,10,22,1E,1E,00,
9458988,000001BA,false,Rx,0,6,10,1E,C0,45,61,32,00,00,
9463704,0000077A,false,Rx,0,8,76,0B,5D,20,1C,00,00,FF,
9465228,0000049A,false,Rx,0,7,00,BC,2E,0A,12,69,67,00,
9468114,000000FA,false,Rx,0,8,00,00,1E,10,22,1E,1E,00,
9477996,00000741,false,Rx,0,6,00,00,00,00,00,00,00,00,
9478986,000000FA,false,Rx,0,8,00,00,1E,10,22,1E,1E,00,
9478988,00000201,false,Rx,0,8,00,FE,FE,00,00,00,09,00,
9479985,00000101,false,Rx,0,8,00,00,00,00,00,00,03,00,
9479986,000001BA,false,Rx,0,6,10,1E,C0,45,61,32,00,00,
9488072,000000FA,false,Rx,0,8,00,00,1E,10,22,1E,1E,00,
9493472,00000102,false,Rx,0,3,00,00,00,00,00,00,00,00,
9494675,00000766,false,Rx,0,8,18,04,00,00,00,03,00,00,
9498001,00000201,false,Rx,0,8,00,FE,FE,00,00,00,0A,00,
9498998,000000FA,false,Rx,0,8,00,00,1E,10,22,1E,1E,00,
9499000,000001BA,false,Rx,0,6,10,1E,C0,45,61,32,00,00,
9507473,000007DF,false,Rx,0,8,02,01,0D,AA,AA,AA,AA,AA,
9508456,000000FA,false,Rx,0,8,00,00,1E,10,22,1E,1E,00,
9509457,000007E8,false,Rx,0,8,03,41,0D,00,00,00,00,00,
9514540,00000386,false,Rx,0,6,02,DC,A1,86,A6,00,00,00,
9517981,00000201,false,Rx,0,8,00,FE,FE,00,00,00,0B,00,
9519034,000000FA,false,Rx,0,8,00,00,1E,10,22,1E,1E,00,
9519035,00000101,false,Rx,0,8,00,00,00,00,00,00,03,00,
9520055,000001BA,false,Rx,0,6,10,1E,C0,45,61,32,00,00,
9528027,000000FA,false,Rx,0,8,00,00,1E,10,22,1E,1E,00,
